,file_name,jde
0,VTHE_0.875-9X2.500_GR5.par,105990
1,VTHE_0.750-10X1.750_GR5.PAR,106007
2,VTHE_0.875-9X3.000_GR5.par,106012
3,VTCY_0.750-10X4.500.par,107186
4,VTHE_0.750-10X4.000_SS.par,107190
5,VP_0.500-13X0.500_SS.PAR,107191
6,VTCY_0.500-13X1.750.par,107196
8,VTHE_0.625-11X4.000_SS.par,107200
9,VTHE_M10-1.50X050_SS.par,107229
10,VTFR_M08-1.25X030.par,107233
11,VTCY_M05-0.80X060.PAR,107234
12,VTCYE_0.375-16X0.500X1.250_SS.PAR,107390
13,VTHE_M16-2.00X030_SS.par,107492
14,VTHE_M14-2.00X035_SS.par,107493
15,VTFR_0.500-13X1.250_SS.par,107559
16,VP_0.625-11X0.500_SS.PAR,107574
17,VTFR_0.250-20X1.000_SS.par,107576
18,VTFR_M06-1.00X040.par,107678
19,VTHE_M16-2.00X035_SS.par,107681
20,VTHE_M16-2.00X130_CLS8.8.par,107690
21,VTHE_0.375-16X3.000_SS.par,107691
22,VTCY_0.375-16X2.250.par,107697
23,VTCY_0.190-32X1.000.par,107698
24,VTHE_M10-1.50X016_CLS8.8.par,107730
25,VTFR_M10-1.50X050.par,107731
26,VP_M10-1.50X012.PAR,107732
27,VTCYE_0.313-18X0.375X1.500_SS.PAR,107748
28,VTCYE_0.500-13X0.750X0.625.PAR,107760
29,VTFR_0.375-16X2.750.par,107767
30,VTFR_0.375-16X5.000.par,107777
31,VTFR_M06-1.00X080.par,107778
32,VTHE_M16-2.00X070_CLS8.8.par,107781
33,VTFR_M06-1.00X120.par,107782
34,VTCY_0.375-16X0.500_SS.par,108006
35,VTFR_0.375-16X1.500_SS.par,108007
36,VTHE_0.500-13X7.500_FULL_GR5.par,108070
37,VTCY_M10-1.50X130.par,108073
38,VTCYE_M10-1.50X012X030.PAR,108079
39,VTCYE_M10-1.50X012X030_SS.PAR,108080
40,VTCYE_M08-1.25X010X040.PAR,108081
41,VTCYE_M08-1.25X012X040_SS.PAR,108082
42,VTCYE_M12-1.75X016X030.PAR,108083
43,VTCYE_M12-1.75X016X030_SS.PAR,108084
44,VTHE_M16-2.00X025_CLS8.8.par,108101
45,VTFR_M10-1.50X035.par,108467
46,VTFR_M10-1.50X070.par,108468
47,VTFR_M10-1.50X090.par,108469
48,VTFR_M10-1.50X120.par,108470
49,VTHE_M12-1.75X200_FULL_CLS8.8.par,108473
50,VTHE_M20-2.50X090_CLS8.8.par,108475
51,VTHE_M24-3.00X060_CLS8.8.par,108682
52,VTFR_M05-0.80X016.par,108718
53,108726.par,108726
54,VTFR_0.500-13X0.500.par,108729
55,VTHE_0.313-24X1.000_SS.par,108851
56,VTFR_0.313-18X2.000.par,108896
57,VTHE_M18-2.50X050_CLS8.8.par,109109
58,VTHE_M18-2.50X080_CLS8.8.par,109110
59,VTFR_M08-1.25X080.par,109211
60,VTHE_M12-1.50X038_CLS8.8.par,112927
61,VTFR_0.500-13X1.750.par,113472
62,VTHE_M20-2.50X190_CLS8.8.par,113474
63,VTCY_M10-1.50X045.par,113497
64,VTHE_M10-1.50X015_CLS8.8.par,113535
65,VTHE_M16-2.00X075_CLS8.8.par,113538
66,VTFR_M10-1.50X140.par,113540
67,VTFR_M12-1.75X040.par,113541
68,VP_M10-1.50X016.PAR,113542
69,VTHE_M16-2.00X110_CLS8.8.par,113602
70,VTHE_M16-2.00X180_CLS8.8.par,113603
71,VTCYE_M10-1.50X012X020.PAR,113690
72,VTHE_0.625-11X9.000_GR5.par,113694
73,VTHE_0.250-20X3.250_GR5.par,113702
74,VTHE_0.500-13X3.750_GR5.par,113703
75,VP_M08-1.25X020.PAR,113873
76,VP_M12-1.75X025.PAR,113877
77,VP_M12-1.75X030.PAR,113880
78,VTHE_1.000-14X1.750_GR8.par,113906
79,VTHE_0.250-20X0.625_GR5.par,113930
80,VP_M16-2.00X020.PAR,113967
81,VP_M16-2.00X016.PAR,113968
82,VTFR_M12-1.75X045.par,114076
83,VTHE_0.625-11X3.250_GR5.par,114077
84,BCCC_0.375-16X9.000.PAR,114087
85,VP_M06-1.00X020_KP.PAR,114170
86,VTCY_M16-2.00X040.par,114181
87,VTHE_0.375-16X8.000_GR5.par,115898
88,BCCC_0.375-16X8.000.PAR,115903
89,VTHE_1.000-8X2.000_GR5.par,115960
90,VTFR_0.375-24X0.750.par,116087
91,VTCY_M10-1.50X050.par,116105
92,VTCY_M10-1.50X055.par,116106
93,VTHE_M08-1.25X100_CLS8.8.par,116363
94,VTHE_M08-1.25X120_CLS8.8.par,116364
95,VP_0.625-11X0.750.PAR,116405
96,VTHE_0.313-24X0.750_SS.par,116427
97,VTHE_M08-1.25X110_CLS8.8.par,116435
98,VTHE_0.190-24X1.000_GR2.par,116968
99,VTFR_0.500-13X4.000.par,117061
100,VTCY_M10-1.50X035_SS.PAR,117113
101,VTHE_0.313-18X6.000_GR5.par,117149
102,VTFR_0.313-18X4.000.par,117320
103,VTHE_0.438-20X3.000_GR12.par,117356
105,VTHE_0.375-16X1.750_SS.par,117463
107,VTHE_0.500-13X1.750_SS.par,117464
108,VTFR_0.500-13X3.500.par,117514
109,VTCY_M14-2.00X035.par,117527
110,VTHE_0.190-24X0.750_GR2.par,117531
111,VTFR_0.313-18X2.000_SS.par,117533
112,VTCY_0.375-16X1.750.par,117539
113,VP_0.190-24X0.750_SS.PAR,117586
114,VTHE_M08-1.25X060_SS.par,117587
115,VP_0.250-20X0.750_SS.PAR,117588
117,VTHE_0.250-20X2.250_SS.par,117589
119,VTCY_0.190-24X1.250_SS.par,117590
120,VTHE_0.625-11X4.500_SS.par,117591
121,VTHE_0.625-11X3.500_SS.par,117592
122,VTHE_0.500-13X3.000_SS.par,117609
123,VTHE_0.375-16X7.500_GR5.par,117611
125,VTHE_0.375-16X7.500_SS.par,117612
127,VTHE_0.313-18X2.750_SS.par,117613
128,VP_0.250-20X0.375_SS.PAR,117614
129,VTFR_0.313-18X1.250_SS.par,117616
130,VTFR_0.313-18X1.500_SS.par,117617
131,VTHE_M12-1.75X040_SS.par,117618
132,VTHE_M12-1.75X060_SS.par,117619
133,VTHE_0.625-11X2.250_SS.par,117620
134,VTHE_0.250-20X3.000_SS.par,117621
135,VTHE_0.313-18X2.000_SS.par,117622
136,VTHE_0.250-20X1.500_SS.par,117623
137,VTCY_0.250-20X2.750_SS.par,117624
138,VP_0.138-32X0.250_SS.PAR,117625
139,VTCY_0.375-16X1.500_SS.par,117626
140,VTHE_0.625-11X2.750_SS.par,117627
141,VTHE_0.500-13X2.250_SS.par,117628
142,VTFR_0.375-16X2.500_SS.par,117629
143,VTHE_0.375-16X3.250_SS.par,117630
144,VTHE_0.438-14X3.000_SS.par,117631
145,VTHE_0.438-14X1.000_SS.par,117632
146,VTHE_0.375-16X2.750_SS.par,117633
147,VTHE_0.625-18X1.250_SS.par,117653
148,VTHE_0.500-13X0.750_SS.par,117654
149,VTHE_0.250-20X2.750_SS.par,117655
150,VTHE_0.313-18X4.000_SS.par,117656
152,VTFR_0.190-24X0.750_SS.par,117659
153,VTCY_0.250-20X2.500_SS.par,117660
154,VTCY_0.138-32X0.750_SS.par,117661
155,VTCY_0.164-32X0.500_SS.par,117662
156,VTHE_0.500-13X3.250_SS.par,117663
157,VTHE_0.313-18X3.500_SS.par,117664
158,VTHE_0.625-11X5.000_SS.par,117665
159,VTHE_0.625-11X1.500_SS.par,117666
160,VP_0.375-16X0.500_SS.PAR,117667
161,VTFR_0.250-20X0.500_SS.par,117669
162,VTHE_0.625-11X1.000_SS.par,117670
163,VTCY_0.190-24X3.500_SS.par,117671
164,117718.par,117718
165,117720.par,117720
166,VTRO_0.313-18X1.000_GR5.PAR,117751
167,117753.par,117753
168,VTHE_0.250-28X0.500_GR5.par,117820
169,VTHE_0.750-16X4.500_GR5.par,117872
170,VTHE_M10-1.50X075_CLS8.8.par,117876
172,VTFR_0.190-24X1.000_SS.par,117925
173,VTCY_0.190-32X1.500.par,117972
174,VTHE_M12-1.75X090_SS.par,117984
175,VTFR_0.250-20X1.250_SS.par,117985
176,VTCY_0.250-20X3.500_SS.par,117986
177,118010.par,118010
178,118026.par,118026
179,118059.par,118059
180,VTHE_0.500-13X6.000_SS.par,118092
181,VTHE_0.250-20X4.500_SS.par,118120
182,118121.par,118121
183,118177.par,118177
184,118178.par,118178
185,VTHE_M06-1.00X040_SS.par,118179
186,VTCY_0.190-24X2.250_SS.par,118184
187,118296.par,118296
188,VTHE_M12-1.75X160_CLS8.8.par,118314
189,VTHE_0.750-10X3.500_SS.par,118372
190,118374.par,118374
191,VTFR_M06-1.00X012_SS.PAR,118414
192,VTHE_M12-1.75X035_SS.par,118415
193,118416.par,118416
194,118418.par,118418
195,VTHE_M10-1.50X090_SS.PAR,118419
196,118420.PAR,118420
197,118479.par,118479
198,VTHE_M10-1.50X191_SS.par,118481
199,118484.par,118484
200,118570.par,118570
202,VTHE_0.250-20X0.625_SS.par,118571
203,118588.par,118588
204,118589.par,118589
205,VTHE_M16-2.00X120_SS.PAR,118590
206,118596.par,118596
207,VTCY_0.250-20X4.000_SS.par,118620
208,118623.par,118623
209,VTCYE_0.313-18X0.375X2.500.PAR,118718
210,VTCY_0.375-16X1.750_SS.par,118796
211,118797_3.par,118797_3
212,VTHE_M06-1.00X060_CLS8.8.par,118845
213,VTHE_M06-1.00X060_SS.PAR,118846
214,118876.par,118876
215,VTHE_0.190-24X0.500_SS.par,118933
216,VTHE_0.164-32X1.000_G,119094
218,119167.par,119167
220,VTCY_0.375-16X2.000_SS.par,119168
221,119172.par,119172
222,VTHE_M10-1.50X160_CLS8.8.par,119175
223,VTHE_0.375-16X6.000_SS.par,119176
224,VTHE_M10-1.50X155_SS.par,119177
225,VTFR_M12-1.75X025_SS.par,119178
226,VTHE_0.250-20X1.750_SS.PAR,119179
227,VTHE_0.375-16X5.000_SS.PAR,119180
228,119584.par,119584
229,VTHE_M16-2.00X130_SS.PAR,119585
230,VTHE_M12-1.75X045_SS.PAR,119586
231,VTHE_M12-1.75X100_SS.PAR,119587
232,VTCY_M04-0.70X020_SS.par,119591
233,VTFR_M05-0.80X025_SS.par,119592
234,VTHE_M12-1.75X150_SS.par,119751
235,VTCY_0.164-32X1.500_SS.par,119795
236,VTHE_0.164-32X0.500_GR2.par,119800
237,VTHE_0.190-24X1.500_GR2.par,119801
238,VTCY_0.138-32X1.250.par,119804
239,VTFR_0.500-13X7.000.par,120179
240,VTHE_0.500-20X2.000_GR5.par,120471
241,VTHE_0.750-10X3.000_GR8.par,120472
242,120888.par,120888
243,120889.par,120889
244,VTCY_M05-0.80X090.par,120890
245,VTHE_0.500-13X2.000_SS316.par,121027
246,VP_M06-0.75X006.PAR,121053
247,VTHE_0.625-11X2.750_GR8.par,122327
248,VTFR_0.313-18X2.250.par,122494
249,VTHE_0.500-13X6.500_SS.par,122986
250,VTHE_1.000-8X4.500_SS.par,122991
252,VTFR_0.250-20X2.250_SS.par,122992
253,BCCC_0.375-16X1.000.P,123212
255,VTCY_0.164-32X1.750.par,123257
256,VTHE_0.164-32X1.000_SS.par,123334
257,VTCY_0.313-18X3.000.par,123398
258,VP_M12-1.75X050.PAR,123399
259,VP_M12-1.75X040_LDP.PAR,123531
260,VP_M12-1.75X100_LDP.PAR,123532
261,VTHE_0.625-11X5.000_GR5_FULL _THD.PAR,124221
262,VTHE_0.500-13X1.750_FULL_GR5.PAR,124316
263,VTHE_0.375-24X3.000_GR12.par,125064
264,VTFR_M03-0.50X010.par,125318
265,VP_0.190-24X1.000.PAR,125797
266,VTHE_0.500-13X2.750_SS.par,127003
267,VTCYE_0.313-18X0.375X1.250.PAR,127795
269,BCCC_0.500-13X1.500.PAR,128281
270,VTCYE_M12-1.75X016X050.PAR,131785
271,VTFR_M03-0.50X012.par,133795
273,BCCC_0.375-16X1.250_SS.PAR,134006
274,134179.par,134179
275,VTHE_M05-0.80X035_CLS8.8.par,134296
276,VTFR_M12-1.75X080.par,134316
277,VTHE_M24-3.00X130_CLS8.8.par,134635
278,VTCYE_M08-1.25X010X025.PAR,135371
279,VTHE_0.313-18X4.500_SS.PAR,135671
280,VTCYE_0.500-13X0.625X1.000_SS.PAR,135673
281,VTHE_1.250-7X9.500_GR5.par,136700
283,BCCC_0.500-13X2.000.PAR,136774
284,VTFR_M05-0.80X035_SS.PAR,136858
285,136994.par,136994
286,VTHE_1.000-8X9.000_GR5.PAR,137279
287,VTHE_1.000-8X8.000_GR5.PAR,137280
288,VTHE_0.438-14X4.000_GR5.PAR,139511
289,VTHE_0.250-20X1.750_GR5.PAR,139512
290,VTHE_0.250-20X3.500_GR5.PAR,139513
291,VP_0.313-18X0.375.PAR,139523
292,VTFR_0.375-16X3.000_SS.par,139633
293,VP_0.250-20X0.375.PAR,139656
294,VTCYE_0.375-16X0.500X1.250.PAR,139675
295,VTFR_M04-0.70X016.par,139705
296,VTHE_0.438-14X5.000_GR5.PAR,140897
297,VTCYE_M10-1.50X012X025_SS.PAR,142603
299,VTCYE_0.375-16X0.500X1.000_SS.PAR,142957
300,VTCY_0.250-20X3.750_FULL.PAR,143246
301,BCCC_0.375-16X1.500_SS.PAR,143542
302,VTCY_0.190-24X0.750_GR12.PAR,144435
303,VTCYE_0.375-16X.500X4.000.PAR,144841
304,VTHE_0.500-20X1.500_SS.PAR,145278
305,VTCY_0.190-24X2.500_SS.PAR,146286
306,VTRO_0.250-20X1.000_SS.PAR,146368
307,VTCY_0.164-32X0.750_SS.PAR,146380
308,VTHE_0.500-13X3.000_FULL_GR5.PAR,146384
309,146385.par,146385
310,VTCY_0.164-32X2.500.par,146462
311,VTHE_0.625-18X3.000_FULL_GR8.PAR,146484
313,VTHE_0.250-20X1.000_SS316.PAR,147289
314,VTHE_0.375-16X2.500_SS316.PAR,147290
315,VTHE_0.375-16X1.500_SS316.PAR,147291
316,VTHE_0.500-13X1.000_SS316.PAR,147292
317,VTHE_0.500-13X4.000_SS316.PAR,147293
318,147419.par,147419
319,VTCY_0.625-11X4.000_SS.PAR,147499
320,VTCY_0.500-13X4.500_SS.PAR,147500
322,VTHE_0.190-24X3.000_SS_1.PAR,148022
323,VTHE_0.375-16X3.000_FULL_GR5.PAR,148460
324,VTCYE_0.190-24X0.250X0.625.PAR,148525
325,VTCY_M04-0.70X045_CLS8.8.PAR,149512
326,VTFR_0.375-16X4.500.PAR,149558
327,VTFR_M10-1.50X030_SS.PAR,149650
328,149652.par,149652
329,153160.par,153160
330,VTCYE_0.375-16X0.500X0.750_SS.PAR,153181
331,BCCC_0.313-18X1.000_SS.PAR,153210
332,154054.par,154054
333,VTFR_M06-1.00X010_SS.PAR,154569
334,VTCY_0.164-32X2.250.par,154639
335,BCCC_0.625-11X5.000.PAR,154892
336,155142.par,155142
337,VTHE_M10-1.50X100_SS.PAR,155884
338,156566.par,156566
339,VTCYE_M10-1.50X012X050.PAR,156599
340,VTFR_0.190-24X3.000.par,156908
341,VP_0.375-16X1.000_NYLON.PAR,157471
342,BCCC_0.375-16X3.000.PAR,158190
343,VTCY_0.375-16X2.000_SS_FULL.PAR,158232
344,VTCY_M08-1.25X016_SS316.PAR,159022
346,VTHE_0.500-13X4.000_FULL_GR5.PAR,159698
347,159699.par,159699
348,BCCC_0.375-16X3.500.PAR,160556
349,VTFR_0.190-24X1.750.PAR,160580
350,VTHE_M20-2.50X115_CLS8.8.PAR,160787
351,VTCY_M08-1.25X080.PAR,160813
352,BCCC_0.375-16X1.750.PAR,161064
354,BCCC_0.250-20X0.750.PAR,161078
355,VTHE_0.313-18X2.250_SS.PAR,161169
356,VTHE_0.375-16X8.500_GR5.PAR,161200
358,VTHE_0.250-20X1.750_FULL_GR5.PAR,161334
359,VTHE_M06-1.00X045_FULL_CLS8.8.PAR,161335
361,BCCC_0.375-16X4.500.PAR,161424
362,VTHE_0.625-11X6.000_GR5_FULL_THD.PAR,161469
363,VTCY_0.112-40X2.250.PAR,161472
364,VTCY_M03-0.50X045.PAR,161637
365,VTCY_0.112-40X1.750.PAR,161638
366,BCCC_0.625-11X2.000.PAR,161861
367,BCCC_0.625-11X2.250.PAR,161862
368,BCCC_0.500-13X2.250.PAR,161863
369,VTHE_0.500-13X2.250_FULL_GR5.PAR,162051
370,VP_0.250-20X1.000_SS.PAR,162156
371,VP_0.250-20X1.750_SS.PAR,162157
372,VP_0.250-20X2.500_SS.PAR,162158
373,VTRO_0.250-20X1.500_GR5.PAR,162413
374,VTHE_0.500-13X6.000_S,163028
376,163155.par,163155
377,VTCY_0.750-10X3.000.par,163318
378,VTCYE_0.313-18X0.375X0.625.PAR,163434
379,BCCC_0.250-20X2.000.PAR,163658
380,VTRO_0.375-06X0.750_GR5.par,163737
381,VTRO_0.375-16X1.000_GR5.par,163738
382,VTRO_0.375-06X0.625_GR5.par,163739
383,VTHE_0.375-16X2.750_GR8.PAR,163879
384,BCCC_0.375-16X2.000.PAR,163892
385,165166.par,165166
386,165333.par,165333
387,VTHE_1.250-7X6.000_GR5.PAR,165560
388,VTHE_0.875-9X9.500_GR5.PAR,165582
389,VTHE_0.875-9X9.500_GR8.PAR,165597
390,165669.par,165669
391,VTCY_M06-1.00X150_SS.PAR,165848
392,165975.par,165975
393,VTFR_0.164-32X0.375_SS.PAR,166340
394,VTRO_M6-1.00X012_CLS8.8.par,166694
395,168981.par,168981
396,170766.par,170766
397,171348.par,171348
398,171469.par,171469
399,BCCC_0.375-16X1.000_S,180983
402,VTHE_0.164-32X2.000_SS.PAR,181613
403,BCCC_0.250-20X1.000_SS.PAR,181670
404,182099.par,182099
405,182111.par,182111
406,182126.par,182126
407,182141.par,182141
408,VTHE_0.750-10X1.500_SS.PAR,182235
409,VTCY_0.500-13X4.000.par,182239
410,VTHE_M10-1.50X050_SS316_FULL.PAR,182630
411,182640.par,182640
412,VTFR_M10-1.50X025_SS.PAR,182708
413,VTHE_0.500-13X3.500_FULL_GR5.PAR,183743
414,VTHE_0.500-13X3.500_FULL_SS.PAR,183747
415,VTFR_M06-1.00X008_SS.PAR,184707
416,VTCY_0.190-24X2.500.PAR,184783
417,184799.par,184799
418,184808.par,184808
419,184810.par,184810
420,184811.par,184811
421,BCCC_0.500-13X1.500_SS.PAR,184837
422,BCCC_0.375-16X3.000_SS.PAR,184996
423,185012.par,185012
424,185014.par,185014
425,BCCC_0.375-16X2.500_SS.PAR,185027
427,VTHE_0.375-16X2.000_FULL_SS.PAR,185036
428,185041.par,185041
429,BCCC_0.500-13X2.000_SS.PAR,185073
430,185246.par,185246
432,BCCC_0.250-20X0.750_SS.PAR,185495
434,BCCC_0.250-20X1.500_SS.PAR,185496
435,BCCC_0.375-16X1.750_SS.PAR,185497
436,BCCC_0.313-18X1.500_SS.PAR,185498
437,185499.par,185499
438,185501.par,185501
439,185503.par,185503
440,185504.par,185504
441,185506.par,185506
442,185508.par,185508
443,185510.par,185510
444,185512.par,185512
445,185513.par,185513
446,185515.par,185515
447,185516.par,185516
448,185518.par,185518
449,185519.par,185519
450,VTHE_0.190-24X1.000_SS.PAR,185521
451,185522.par,185522
452,185523.par,185523
453,VTHE_0.250-20X3.250_SS.PAR,185525
454,VTHE_0.250-20X3.500_SS.PAR,185526
455,185528.par,185528
456,185529.par,185529
457,185530.par,185530
458,185531.par,185531
459,VTHE_0.375-16X0.625_SS.PAR,185534
460,VTHE_0.375-16X4.500_SS.PAR,185535
461,VTHE_0.313-18X2.500_SS.PAR,185536
462,185538.par,185538
463,185539.par,185539
464,185542.par,185542
465,185544.par,185544
466,185548.par,185548
467,VTHE_M10-1.50X055_SS.PAR,185549
468,185550.par,185550
469,185553.par,185553
470,185557.par,185557
471,VTHE_M12-1.75X075_SS.PAR,185560
472,185588.par,185588
473,185589.par,185589
474,VTHE_M06-1.00X010_SS.PAR,185591
475,VTHE_M06-1.00X090_SS.PAR,185597
476,185598.par,185598
477,185602.par,185602
478,185604.par,185604
479,185611.par,185611
480,185612.par,185612
481,185613.par,185613
482,185614.par,185614
483,185615.par,185615
484,185617.par,185617
485,185623.par,185623
486,185625.par,185625
487,VTHE_M06-1.00X030_SS_FULL.PAR,185627
488,185632.par,185632
489,185646.par,185646
490,185662.par,185662
491,185665.par,185665
492,185667.par,185667
493,185668.par,185668
494,185669.par,185669
495,185670.par,185670
496,VTCY_0.138-32X0.625_SS.PAR,185671
497,185672.par,185672
498,185673.par,185673
499,185674.par,185674
500,185675.par,185675
501,VTCY_0.164-32X0.375_SS.PAR,185676
502,VTCY_0.164-32X1.250_SS.PAR,185677
503,185678.par,185678
504,185679.par,185679
505,VTCY_0.250-20X1.750_SS.PAR,185680
506,185681.par,185681
507,185688.par,185688
508,185691.par,185691
509,185694.PAR,185694
510,185696.par,185696
511,185699.par,185699
512,185700.par,185700
513,185701.par,185701
514,185705.par,185705
515,185710.par,185710
516,185713.par,185713
517,185715.par,185715
518,185716.par,185716
519,185718.par,185718
520,185720.par,185720
521,185721.par,185721
522,185723.par,185723
523,VTFR_0.375-16X1.000_SS.PAR,185725
524,185726.par,185726
525,VTFR_0.375-16X2.750_SS.par,185727
526,185730.par,185730
527,185731.par,185731
528,185732.par,185732
529,185736.par,185736
530,185737.par,185737
531,185738.par,185738
532,185740.par,185740
533,185748.par,185748
534,185750.par,185750
535,185755.par,185755
536,185757.par,185757
537,185761.par,185761
538,185763.par,185763
539,185765.par,185765
540,185768.par,185768
541,185773.par,185773
542,VTFR_M08-1.25X020_SS.par,185775
543,185777.par,185777
544,185783.par,185783
545,185787.par,185787
546,185790.par,185790
547,185794.par,185794
548,185796.par,185796
549,185797.PAR,185797
550,185798.par,185798
551,185800.par,185800
552,185802.par,185802
553,185818.par,185818
554,VTHE_0.875-14X3.750_GR8.PAR,185976
555,VTHE_0.750-16X3.500_GR8.PAR,185977
556,BCCC_0.250-20X4.000.PAR,186231
558,VTCY_0.250-28X1.000_SS.PAR,186281
559,188853.par,188853
560,192405.par,192405
561,VP_0.375-24X0.375.PAR,200026
562,VTHE_M14-2.00X050_CLS8.8.par,200062
563,VTHE_M10-1.50X085_CLS8.8.par,200074
564,VP_M12-1.75X020.PAR,200078
565,VTHE_M22-2.50X050_CLS8.8.par,200081
566,VTHE_M20-2.50X045_CLS8.8.par,200082
567,VP_0.313-18X2.000.PAR,200093
568,VTHE_0.750-10X1.500_GR5.par,200120
569,VTHE_M12-1.75X220_CLS10.PAR,200457
570,VTHE_0.500-20X4.000_GR5.par,200753
571,VTHE_M14-2.00X060_CLS8.8.par,201051
572,VP_M14-2.00X030.PAR,201052
573,VP_M14-2.00X035.PAR,201053
574,VP_M08-1.25X035.PAR,201054
575,VP_M08-1.25X040.PAR,201055
576,VTHE_M30-3.50X120_CLS8.8.par,201066
577,VTHE_0.625-18X4.500_GR8.par,201071
578,VTHE_0.625-18X6.000_GR8.par,201072
579,VTCY_0.125-40X1.000.par,201099
580,VP_0.500-13X1.000.PAR,201107
581,VP_0.500-13X1.500.PAR,201108
582,VP_0.625-11X1.750.PAR,201109
583,VTHE_0.750-16X2.250_GR8.par,201111
584,VTHE_0.750-16X6.000_GR5.par,201118
585,VTHE_0.375-24X2.500_GR8.par,201548
586,VTHE_0.750-16X3.000_GR8.par,202105
587,VTHE_M14-2.00X025_CLS8.8.par,202117
588,VTHE_0.750-16X2.750_GR8.PAR,203263
589,VTHE_0.875-14X3.250_GR8.PAR,203269
590,VTHE_0.875-14X2.750_GR8.PAR,203270
591,VTHE_0.625-11X4.000_GR5_FULL _THD.PAR,204569
592,208267.par,208267
593,208389.par,208389
594,209090.par,209090
595,209564.par,209564
596,209730.par,209730
597,209756.par,209756
598,210136.par,210136
599,210805.par,210805
600,212212.par,212212
601,212595.par,212595
602,213279.par,213279
603,215564.par,215564
604,215862.par,215862
605,216054.par,216054
606,216341.par,216341
607,217865.par,217865
608,218623.par,218623
609,219986.par,219986
610,220410.par,220410
611,220461.par,220461
612,221437.par,221437
613,221956.par,221956
614,VTFR_M05-0.80X050.par,24100000
615,VTHE_0.250-20X0.750_GR5.par,24100001
616,VTHE_0.250-20X1.000_GR5.par,24100002
617,VTHE_0.250-20X1.500_GR5.par,24100003
618,VTHE_0.250-20X2.000_GR5.par,24100004
619,VTHE_0.250-20X2.500_GR5.par,24100005
620,VTHE_0.250-20X3.000_GR5.par,24100006
621,VTHE_0.313-18X0.750_GR5.par,24100007
622,VTHE_0.313-18X1.000_GR5.par,24100008
623,VTHE_0.313-18X1.500_GR5.par,24100009
624,VTHE_0.313-18X2.000_GR5.par,24100010
625,VTHE_0.313-18X2.500_GR5.par,24100011
626,VTHE_0.313-18X3.000_GR5.par,24100012
627,VTHE_0.313-18X3.500_GR5.par,24100013
628,VTHE_0.375-16X1.000_GR5.par,24100014
629,VTHE_0.375-16X1.500_GR5.par,24100015
630,VTHE_0.375-16X2.000_GR5.par,24100016
631,VTHE_0.375-16X2.500_GR5.par,24100017
632,VTHE_0.375-16X3.000_GR5.par,24100018
633,VTHE_0.375-16X3.500_GR5.par,24100019
634,VTHE_0.375-16X4.000_GR5.par,24100020
635,VTHE_0.438-14X1.000_GR5.par,24100022
636,VTHE_0.438-14X1.500_GR5.par,24100023
637,VTHE_0.438-14X2.000_GR5.par,24100024
638,VTHE_0.438-14X2.500_GR5.par,24100025
639,VTHE_0.438-14X3.000_GR5.par,24100026
640,VTHE_0.438-14X3.500_GR5.par,24100027
641,VTHE_0.438-14X4.500_GR5.par,24100029
642,VTHE_0.500-13X1.000_GR5.par,24100030
643,VTHE_0.500-13X1.500_GR5.par,24100031
644,VTHE_0.500-13X2.000_GR5.par,24100032
645,VTHE_0.500-13X2.500_GR5.PAR,24100033
646,VTHE_0.500-13X3.000_GR5.par,24100034
647,VTHE_0.500-13X3.500_GR5.par,24100035
648,VTHE_0.500-13X4.000_GR5.par,24100036
649,VTHE_0.500-13X4.500_GR5.par,24100037
650,VTHE_0.625-11X1.000_GR5.par,24100038
651,VTHE_0.625-11X1.500_GR5.par,24100039
652,VTHE_0.625-11X2.000_GR5.par,24100040
653,VTHE_0.625-11X2.500_GR5.par,24100041
654,VTHE_0.625-11X3.000_GR5.par,24100042
655,VTHE_0.625-11X3.500_GR5.par,24100043
656,VTHE_0.625-11X4.000_GR5.par,24100044
657,VTHE_0.750-10X2.000_GR5.par,24100045
658,VTHE_0.750-10X2.500_GR5.par,24100046
659,VTHE_0.750-10X3.000_GR5.par,24100047
660,VTHE_0.750-10X3.500_GR5.par,24100048
661,VTHE_0.250-20X1.250_GR5.par,24100063
662,VTHE_0.250-20X2.250_GR5.par,24100065
663,VTHE_0.250-20X2.750_GR5.par,24100066
664,VTHE_0.313-18X1.250_GR5.par,24100069
665,VTHE_0.313-18X1.750_GR5.par,24100070
666,VTHE_0.313-18X2.250_GR5.par,24100071
667,VTHE_0.313-18X2.750_GR5.par,24100072
668,VTHE_0.313-18X4.000_GR5.par,24100075
669,VTHE_0.313-18X5.000_GR5.par,24100079
670,VTHE_0.375-16X0.750_GR5.par,24100080
671,VTHE_0.375-16X1.250_GR5.par,24100081
672,VTHE_0.375-16X1.750_GR5.par,24100082
673,VTHE_0.375-16X2.250_GR5.par,24100083
675,VTHE_0.375-16X2.750_GR5.par,24100084
677,VTHE_0.375-16X3.250_GR5.par,24100085
678,VTHE_0.375-16X3.750_G,24100086
681,VTHE_0.375-16X5.000_GR5.par,24100089
682,VTHE_0.438-14X0.750_GR5.par,24100090
683,VTHE_0.438-14X1.250_GR5.par,24100091
685,VTHE_0.438-14X1.750_GR5.par,24100092
686,VTHE_0.438-14X3.750_GR5.par,24100096
687,VP_M04-0.70X030_BLACK.PAR,24100097
689,VTHE_0.500-13X1.250_GR5.par,24100101
690,VTHE_0.500-13X1.750_G,24100102
693,VTHE_0.500-13X2.250_GR5.par,24100103
695,VTHE_0.500-13X2.750_GR5.par,24100104
697,VTHE_0.500-13X3.250_GR5.par,24100105
699,VTHE_0.500-13X5.000_GR5.par,24100109
700,VTHE_0.625-11X1.250_GR5.par,24100110
701,VTHE_0.625-11X1.750_GR5.par,24100111
702,VTHE_0.625-11X2.250_GR5.par,24100112
704,VTHE_0.750-10X5.000_GR5.par,24100130
705,VP_0.313-18X0.313.PAR,24100142
706,BCCC_0.313-18X2.000.PAR,24100144
707,VP_0.250-20X0.313.PAR,24100154
710,VTRO_0.250-20X2.000_GR5.par,24100156
712,VTHE_0.250-20X0.500_GR5.par,24100157
713,VTHE_0.313-18X0.500_GR5.par,24100159
714,VTHE_0.500-13X0.875_GR5.par,24100162
715,VTCY_0.190-24X0.625.par,24100173
716,VTFR_0.190-32X0.375.par,24100219
717,VTHE_M10-1.25X030_CLS8.8.par,24100222
718,VP_0.375-16X0.375.PAR,24100238
719,VP_0.375-16X0.500.PAR,24100239
720,VTCY_M05-0.80X025.par,24100241
721,VTHE-ST_0.250X1.000.PAR,24100261
722,VTFR_M06-1.00X010.par,24100325
723,VTFR_0.500-13X2.000_SS.par,24100337
724,VTHE_0.500-20X1.500_GR5.par,24100340
726,24100346.par,24100346
727,VTHE_0.625-11X6.500_GR5.par,24100349
728,VP_0.250-20X0.500.PAR,24100355
729,VP_0.250-20X0.750.PAR,24100356
730,VP_0.250-20X1.000.PAR,24100357
731,VP_0.313-18X0.625.PAR,24100359
732,VP_0.375-16X0.750.PAR,24100360
733,VP_0.500-13X0.500.PAR,24100361
734,VP_0.500-13X0.625.PAR,24100362
735,VP_0.500-13X0.750.PAR,24100363
736,VP_0.625-11X0.625.PAR,24100365
737,VTHE_0.250-28X1.000_GR5.par,24100374
738,BCCC_0.375-16X1.500.P,24100375
741,BCCC_0.375-16X2.500.PAR,24100376
742,VTHE_0.625-11X5.000_GR5.par,24100378
743,VTHE_0.875-9X4.000_GR5.par,24100379
744,VTHE_0.375-24X1.000_GR5.par,24100380
745,VTHE_0.375-24X1.500_GR5.par,24100384
746,VTFR_0.375-16X1.250.par,24100389
747,VTCY_0.250-20X1.500.par,24100391
748,VTCY_0.250-20X3.500.par,24100392
749,VTCY_M08-1.25X025.par,24100398
750,VTFR_M12-1.25X035.par,24100402
751,VTHE_0.500-13X1.750_GR2-GALV.par,24100438
752,VTHE_0.375-16X2.000_GR2-GALV.par,24100497
753,VTCY_0.250-20X1.250.par,24100554
754,VTCY_0.375-16X1.500.par,24100555
755,VTCY_0.313-18X1.250.par,24100566
756,BCCC_0.313-18X1.500.PAR,24100587
757,VTHE_M14-2.00X030_CLS8.8.par,24100597
758,VP_0.250-20X0.250.PAR,24100599
759,VTHE_0.375-24X3.250_GR5.par,24100618
760,VTHE_ST_0.190-24X1.000.PAR,24100703
761,VTHE_0.625-18X1.250_GR5.par,24100745
762,VTCY_0.500-13X0.750.par,24100747
763,VTCY_M05-0.80X020.par,24100754
764,VTHE_M07-1.00X030_CLS8.8.par,24100757
765,VTHE_M10-1.50X025_CLS8.8.par,24100791
766,VTCY_0.313-18X4.000.par,24100805
767,24100874.par,24100874
768,VTHE_0.500-13X3.500_GR8.par,24100895
769,VTCY_0.250-20X2.500.par,24100923
770,VTHE_0.250-20X5.500_GR5.par,24100936
771,VTCY_0.313-18X5.000.par,24100958
772,VTHE_M12-1.75X090_CLS8.8.par,24100960
773,VTHE_M18-1.50X050_CLS8.8-BLACK.par,24100969
774,BCCC_0.313-18X1.000.PAR,24100980
775,BCCC_0.313-18X3.000.PAR,24100982
776,BCCC_0.375-16X1.250.PAR,24100983
777,VTFR_0.250-20X1.500.par,24101005
778,VTFR_0.313-18X1.000.par,24101006
779,VTFR_0.313-18X0.750.par,24101007
780,VTFR_0.313-18X1.250.par,24101008
781,VTFR_0.375-16X0.750.par,24101009
782,VTFR_0.375-16X1.000.par,24101010
783,VTFR_0.250-20X1.000.par,24101011
784,VTFR_0.500-13X1.000.par,24101012
785,VTFR_0.500-13X1.250.par,24101013
786,24101017.par,24101017
787,24101026.par,24101026
788,VTHE_0.625-11X7.000_GR5.par,24101040
789,VTCY_0.164-32X0.375.par,24101064
790,VTHE_M12-1.25X050_CLS8.8.par,24101070
791,VTFR_0.313-18X1.500.par,24101080
792,24101086.par,24101086
793,VTCY_0.250-28X1.000.par,24101091
794,VTCY_0.500-13X2.500.par,24101092
795,VTCY_0.313-18X2.750.par,24101095
796,VTCY_0.313-18X1.750.par,24101096
797,VTCY_M08-1.25X050.par,24101105
798,24101114.par,24101114
800,VTRO_0.250-20X1.250_GR5.par,24101120
801,VTCY_M05-0.80X035.par,24101134
802,VTHE_0.313-24X1.000_GR5.par,24101143
803,VTHE_0.500-20X2.500_GR5.par,24101154
804,VTHE_0.563-18X2.000_GR5.par,24101157
805,VTHE_0.625-18X2.000_GR5.par,24101161
806,VTHE_0.563-12X2.000_GR5.par,24101172
807,VTHE_0.563-12X2.500_GR5.par,24101173
808,VTHE_0.563-12X3.000_GR5.par,24101174
809,VTHE_0.563-12X3.500_GR5.par,24101175
810,VTHE_0.563-12X4.000_GR5.par,24101176
811,VTCY_0.313-18X4.500.par,24101178
812,VTFR_0.375-16X1.750.par,24101183
813,VTHE_M04-0.70X016_CLS8.8.par,24101186
814,VTHE_M05-0.80X016_CLS8.8.par,24101189
815,VTHE_M05-0.80X020_CLS8.8.par,24101190
816,VTHE_M05-0.80X025_CLS8.8.par,24101191
817,VTHE_M06-1.00X012_CLS8.8.par,24101192
818,VTHE_M06-1.00X016_CLS8.8.par,24101193
819,VTHE_M06-1.00X020_CLS8.8.par,24101194
820,VTHE_M06-1.00X025_CLS8.8.par,24101195
821,VTHE_M06-1.00X030_CLS8.8.par,24101196
822,VTHE_M06-1.00X035_CLS8.8.par,24101197
823,VTHE_M08-1.25X016_CLS8.8.par,24101198
824,VTHE_M08-1.25X020_CLS8.8.par,24101199
825,VTHE_M08-1.25X025_CLS8.8.par,24101200
826,VTHE_M08-1.25X030_CLS8.8.par,24101201
827,VTHE_M08-1.25X040_CLS8.8.par,24101202
828,VTHE_M08-1.25X050_CLS8.8.par,24101203
829,VTHE_M08-1.25X060_CLS8.8.par,24101204
830,VTHE_M08-1.25X070_CLS8.8.par,24101205
831,VTHE_M10-1.50X030_CLS8.8.par,24101206
832,VTHE_M10-1.50X040_CLS8.8.par,24101207
833,VTHE_M10-1.50X050_CLS8.8.par,24101208
834,VTHE_M10-1.50X060_CLS8.8.par,24101209
835,VTHE_M10-1.50X070_CLS8.8.par,24101210
836,VTHE_M08-1.00X040_CLS8.8.par,24101233
837,VTHE_M10-1.00X050_CLS8.8.par,24101234
838,VTHE_M10-1.25X125_CLS8.8.par,24101235
839,VTHE_M12-1.50X050_CLS8.8.par,24101236
840,VTCY_M04-0.70X030.par,24101251
841,VTFR_0.500-13X2.500_SS.par,24101260
842,VTHE_M05-0.80X012_CLS8.8.par,24101262
843,VTHE_M08-1.25X012_CLS8.8.par,24101263
844,VTFR_0.190-24X1.500.par,24101276
845,VTFR_0.190-24X2.000.par,24101281
846,VTFR_0.138-32X0.625_SS.par,24101286
847,VP_0.190-24X1.250.PAR,24101311
848,VP_0.190-32X1.500.PAR,24101312
849,VTHE_M12-1.75X050_CLS8.8.par,24101318
850,VTHE_ST_0.250X0.750.PAR,24101329
851,VTCY_0.250-20X3.000.par,24101335
852,VTHE_0.750-10X7.000_GR5.par,24101337
853,VTHE_1.000-8X5.000_GR5.par,24101338
855,BCCC_0.250-20X1.000.PAR,24101343
856,VTHE_0.750-10X8.000_GR12.par,24101414
857,VTCY_0.438-14X1.500.par,24101415
858,VTCY_0.500-20X1.500.par,24101418
859,VTFR_0.250-20X3.000.par,24101421
860,VTHE_M14-2.00X075_CLS8.8.par,24101434
861,VTHE_M14-2.00X100_CLS8.8.par,24101439
862,VTHE_M14-2.00X120_CLS8.8.par,24101441
863,VTFR_0.190-32X0.750.par,24101443
864,VTHE_M14-2.00X055_CLS8.8.par,24101444
865,VTHE_M06-1.00X040_CLS8.8.par,24101449
866,VTHE_M06-1.00X070_CLS8.8.par,24101450
867,VTCY_M04-0.70X025.par,24101453
868,VTCY_M04-0.70X050.par,24101455
869,VTCY_M04-0.70X040.par,24101459
870,VTCY_M06-1.00X012.par,24101460
871,VTCY_M06-1.00X020.par,24101463
872,VTCY_M06-1.00X025.par,24101464
873,VTCY_M06-1.00X030.par,24101465
874,VTCY_M08-1.25X030.par,24101467
875,VTFR_M03-0.50X020.par,24101468
876,VTFR_M04-0.70X012.par,24101469
877,VTFR_M04-0.70X030.par,24101471
878,VTFR_M06-1.00X030.par,24101472
879,VTFR_M06-1.00X050.par,24101473
880,VTHE_0.375-16X6.000_GR5.par,24101474
881,VTHE_1.000-8X3.500_GR5.par,24101503
882,VP_M08-1.25X012.PAR,24101514
883,VTCY_0.190-24X1.750.par,24101521
884,VTCY_0.375-16X1.250.par,24101538
885,VTCY_0.112-40X0.500.par,24101584
886,VTCY_0.138-32X0.500.par,24101585
887,VTCY_0.138-32X0.750.par,24101586
888,VTCY_0.138-32X1.000.par,24101587
889,VTCY_0.164-32X0.500.par,24101588
890,VTCY_0.164-32X0.750.par,24101589
891,VTCY_0.164-32X1.000.par,24101590
892,VTCY_0.164-32X1.500.par,24101591
893,VTCY_0.190-24X0.500.par,24101592
894,VTCY_0.190-24X0.750.par,24101593
895,VTCY_0.190-24X1.000.par,24101594
896,VTCY_0.190-24X1.500.par,24101595
897,VTCY_0.250-20X0.500.par,24101596
898,VTCY_0.250-20X0.750.par,24101597
899,VTCY_0.250-20X1.000.par,24101598
900,VTCY_0.250-20X2.000.par,24101599
901,VTCY_0.313-18X0.500.par,24101600
902,VTCY_0.313-18X0.750.par,24101601
903,VTCY_0.313-18X1.000.par,24101602
904,VTCY_0.313-18X1.500.par,24101603
905,VTCY_0.313-18X2.000.par,24101604
906,VTCY_0.375-16X0.500.par,24101605
907,VTCY_0.375-16X0.750.par,24101606
908,VTCY_0.375-16X1.000.par,24101607
909,VTFR_0.138-32X0.500.par,24101609
910,VTFR_0.138-32X0.750.par,24101610
911,VTFR_0.164-32X0.500.par,24101611
912,VTFR_0.164-32X0.750.par,24101612
913,VTFR_0.164-32X1.000.par,24101613
914,VTFR_0.190-24X0.500.PAR,24101614
915,VTFR_0.190-24X0.750.par,24101615
916,VTFR_0.190-24X1.000.par,24101616
917,VTFR_0.250-20X0.500.par,24101617
918,VTFR_0.250-20X0.750.par,24101618
920,VTCY_0.250-20X0.500_SS.par,24101621
921,VTCY_0.250-20X0.750_S,24101622
924,VTCY_0.250-20X1.500_SS.par,24101624
925,VP_0.138-32X0.250.PAR,24101625
926,VP_0.164-32X0.250.PAR,24101626
927,VP_0.190-24X0.250.PAR,24101627
928,VP_0.190-24X0.375_SS.PAR,24101633
929,VTFR_0.375-16X2.000.par,24101635
930,VP_0.190-24X0.250_SS.PAR,24101679
931,VTCY_0.190-32X2.000.par,24101707
932,VTFR_0.250-20X1.250.par,24101712
933,VTHE_M16-1.50X040_CLS8.8.par,24101714
934,VTHE_M16-2.00X060_CLS8.8.par,24101720
935,VP_0.438-14X0.750.PAR,24101721
936,VTHE_M22-2.50X060_CLS8.8.par,24101734
937,VTCY_0.250-20X4.000.par,24101736
938,VP_0.190-24X0.500.PAR,24101737
939,VP_0.190-24X0.750.PAR,24101738
940,VTHE_0.250-20X5.000_GR5.par,24101743
942,VTHE_0.250-20X4.000_GR5.par,24101745
943,VTHE_M16-2.00X120_CLS8.8.par,24101753
944,VTFR_M05-0.80X010.par,24101754
945,VTHE_M06-1.00X010_CLS8.8.par,24101768
946,VTFR_M12-1.75X060.par,24101779
947,VP_0.190-32X0.250.PAR,24101799
948,VP_M06-1.00X020.PAR,24101853
949,VTCY_M08-1.25X070.par,24101854
950,VTCY_M06-1.00X060.par,24101855
951,VTCY_0.250-20X2.750.par,24101871
952,VTFR_M08-1.25X016.par,24101875
953,VTHE_0.750-10X6.000_GR5.par,24101883
954,VP_M04-0.70X012.PAR,24101913
955,VTHE_M18-2.50X040_CLS8.8.par,24101922
957,VTHE_0.250-20X0.750_SS.par,24101939
958,VTCY_0.190-24X1.000_SS.par,24101941
959,VTCY_0.190-24X0.375.par,24101947
960,VTCYE_0.250-20X0.313X1.250.PAR,24101950
961,VTCY_0.500-13X2.000.par,24101968
962,VTFR_0.375-16X2.500.par,24101984
963,VTCY_0.500-13X3.250.par,24102018
964,VTCY_0.190-24X3.000.par,24102039
965,VTCY_0.190-24X3.500.par,24102059
967,VTHE_0.375-16X0.625_GR5.par,24102083
968,VTHE_0.313-24X2.250_GR5.par,24102100
969,VTCYE_0.190-24X0.250X1.250.PAR,24102108
970,VTHE_0.500-13X6.500_G,24102117
972,VTHE_0.500-13X3.500_SS.par,24102120
973,VTHE_0.500-13X4.500_SS.par,24102122
974,VTHE_0.500-13X4.000_SS.par,24102123
976,VTHE_0.625-11X4.500_GR5.par,24102124
977,VTHE_0.500-13X5.500_SS.par,24102126
978,VTHE_1.000-8X3.000_GR5.par,24102127
979,VTHE_0.500-13X5.000_SS.par,24102129
980,VTCY_0.500-13X1.500_SS.par,24102130
981,VTCY_0.500-13X1.000_SS.par,24102132
982,VTCY_0.500-13X2.000_S,24102134
984,VTFR_0.500-13X1.000_SS.par,24102135
985,VTCY_0.250-20X3.000_SS.par,24102136
986,VTCY_0.250-20X2.000_SS.par,24102139
988,VTCY_0.250-20X1.000_SS.par,24102140
990,VP_0.250-20X0.500_SS.PAR,24102144
992,VP_0.250-20X0.250_SS.PAR,24102145
993,VP_0.313-18X0.500_SS.PAR,24102146
994,VTCY_0.190-24X1.500_SS.par,24102147
996,VTCY_0.190-24X0.500_SS.par,24102151
997,VTCY_0.190-24X2.000.par,24102153
999,VTCY_0.190-24X0.750_SS.par,24102158
1000,VTCY_0.190-24X2.000_SS.par,24102162
1001,VTCY_0.375-16X1.000_SS.par,24102164
1002,VTCY_0.375-16X2.500_SS.par,24102165
1003,VTCY_0.375-16X0.750_SS.par,24102169
1004,VTHE_0.500-13X6.000_GR5.par,24102178
1005,VTFR_0.164-32X0.500_SS.par,24102179
1006,VTHE_0.500-13X7.500_GR5.par,24102181
1007,VTCY_0.190-32X0.750_SS.par,24102192
1008,VTCY_0.313-18X1.500_SS.par,24102196
1009,VTCY_0.313-18X1.250_SS.PAR,24102198
1011,VTCY_0.313-18X1.000_SS.par,24102200
1012,VTCY_0.313-18X0.500_SS.par,24102201
1013,VTCY_0.313-18X2.000_SS.par,24102202
1014,VTCY_0.313-18X3.500_SS.par,24102205
1015,VTCY_0.375-16X3.750.par,24102206
1017,VTCY_0.313-18X0.750_SS.par,24102207
1018,VTCY_0.313-18X4.000_SS.par,24102208
1019,VTCY_0.164-32X1.000_SS.par,24102209
1020,VTHE_0.375-24X1.250_SS.par,24102218
1022,VTHE_0.313-18X1.250_SS.par,24102219
1023,VTHE_0.313-18X3.000_SS.par,24102220
1024,VTHE_0.625-11X2.000_SS.par,24102224
1025,VTHE_0.625-11X6.000_SS.par,24102225
1026,VTHE_0.438-14X1.500_SS.par,24102226
1027,VTCY_0.500-13X1.500.par,24102229
1028,VTHE_0.250-20X2.000_SS.par,24102230
1029,VTFR_0.190-24X1.250.par,24102245
1030,VTHE_M10-1.50X090_CLS8.8.par,24102253
1031,VTHE_ST_0.164-32X0.500.PAR,24102273
1033,VTHE_0.250-20X1.250_FULL_GR5.par,24102284
1034,VTHE_0.375-16X7.000_GR5.par,24102291
1036,VTHE_0.500-13X2.000_SS.par,24102292
1037,VTHE_0.438-14X3.500_SS.par,24102293
1038,VTCY_0.375-16X3.250.par,24102303
1039,VTCY_0.375-16X3.500.par,24102307
1041,VTFR_0.250-20X0.750_SS.par,24102308
1042,VTCY_0.500-13X5.500.PAR,24102322
1043,VTFR_0.313-18X0.625_SS.par,24102337
1045,VTHE_0.313-18X0.500_SS.par,24102346
1047,VTHE_0.313-18X1.750_SS.par,24102347
1048,VTHE_0.625-11X1.750_SS.par,24102348
1049,VTCY_0.500-13X5.000.par,24102361
1050,VTCYE_0.625-11X0.750X0.750.PAR,24102380
1051,VTCY_0.375-16X2.500.par,24102388
1052,VTCY_M06-1.00X100.par,24102389
1053,VTHE_0.625-11X2.500_SS.par,24102410
1054,VTCY_0.138-32X0.250.par,24102416
1055,VTCY_0.313-18X4.500_SS.par,24102432
1056,VTCY_0.500-13X1.250.par,24102436
1057,VTHE_0.750-16X2.000_GR12.par,24102440
1058,VTCY_0.250-20X1.750.par,24102443
1059,VTHE_0.500-13X5.500_GR5.par,24102447
1060,VTHE_0.375-16X3.000_FULL_SS.par,24102457
1061,VTCY_0.190-24X1.250.par,24102458
1062,VTCYE_0.190-24X0.250X0.250.PAR,24102463
1063,VTFR_0.500-13X6.000.par,24102469
1064,VTHE_M12-1.75X035_CLS8.8.par,24102479
1065,VTHE_M12-1.25X040_CLS8.8.par,24102480
1066,VTFR_0.250-20X1.750.par,24102508
1067,VTHE_0.750-10X4.500_GR5.par,24102522
1068,VTHE_0.375-16X10.000_GR5.par,24102579
1069,VTCY_0.138-32X2.000.par,24102586
1070,VTHE_0.875-14X2.500_GR8.par,24102588
1071,VP_0.250-28X0.250.PAR,24102600
1072,VTHE_0.438-14X1.250_SS.par,24102601
1073,VTHE_0.438-14X1.750_SS.par,24102602
1075,VTHE_0.250-20X1.000_SS.par,24102605
1077,VTHE_0.375-16X1.500_SS.par,24102608
1078,VTCY_0.138-32X1.750.par,24102614
1079,VTHE_1.000-8X4.500_GR5.par,24102637
1080,VTCY_M05-0.80X040_SS.par,24102641
1082,VTHE_0.375-16X1.250_SS.par,24102644
1083,VTHE_0.500-13X1.250_SS.par,24102645
1084,VTCY_M05-0.80X016.par,24102658
1086,VTHE_0.250-20X0.500_SS.par,24102667
1088,VTHE_0.375-16X0.750_SS.PAR,24102668
1089,VTHE_M14-2.00X040_CLS8.8.par,24102684
1090,VTCY_M05-0.80X080.par,24102724
1091,VTHE_0.313-18X0.750_S,24102726
1092,VTHE_0.438-20X1.750_GR5.par,24102743
1093,VTCY_0.164-32X2.000.par,24102744
1094,VTCY_0.375-16X2.000.par,24102752
1095,VTHE_M03-0.50X020_CLS8.8.par,24102767
1096,VTHE_0.750-10X1.000_GR5.par,24102768
1097,VTCY_0.190-32X0.875.par,24102776
1098,VTCY_0.138-32X0.500_SS.par,24102785
1099,VTCY_0.313-18X3.500.par,24102787
1100,VTCY_M10-1.50X025.par,24102802
1101,VTCY_0.190-32X0.750.par,24102805
1102,VTHE_0.250-20X2.500_SS.par,24102822
1103,VTHE_0.375-16X6.500_GR5.par,24102832
1104,VTHE_M12-1.75X065_CLS8.8.par,24102850
1105,VTHE_0.500-20X1.000_GR5.par,24102858
1106,BCCC_0.250-20X2.500.PAR,24102860
1107,VTHE_0.563-12X1.500_GR5.par,24102861
1108,VTCY_0.164-32X0.250.par,24102865
1109,VTCY_0.190-24X2.250.par,24102870
1110,VTHE_0.750-10X4.000_GR5.par,24102884
1111,VTHE_0.625-11X5.500_GR5.par,24102893
1112,VTCY_0.112-40X1.000.par,24102956
1113,VTHE_0.750-16X2.500_GR5.par,24102991
1114,VTCYE_0.313-18X0.375X2.250.PAR,24102995
1115,VTFR_0.164-32X0.750_SS.par,24103039
1116,VTHE_0.375-16X2.250_SS.par,24103041
1117,VTHE_0.500-13X2.500_SS.par,24103042
1118,VTHE_0.625-11X5.500_GR12.par,24103077
1119,VTCYE_0.313-18X0.375X0.500.PAR,24103079
1120,VTFR_M08-1.25X010.par,24103081
1121,VTHE_0.375-16X2.500_SS.par,24103135
1122,VTCY_0.250-20X2.250.par,24103152
1123,24103154.par,24103154
1125,VTHE_0.313-18X1.000_SS.par,24103200
1127,VTHE_0.375-16X1.000_SS.par,24103209
1128,VTFR_0.190-32X0.500_SS.par,24103210
1129,VTHE_0.500-13X1.000_SS.par,24103213
1130,VTHE_M06-1.00X020_SS.par,24103215
1131,VTFR_0.138-32X0.750_SS.par,24103217
1133,VTFR_0.190-24X0.500_SS.par,24103218
1134,VTFR_0.375-16X0.750_SS.par,24103220
1135,VTFR_0.375-16X3.000.par,24103259
1136,VTFR_0.375-16X3.500_SS.par,24103265
1137,VTFR_0.500-13X2.750.par,24103285
1138,VTFR_0.313-18X2.500.par,24103288
1139,VTFR_0.313-18X3.000.par,24103305
1140,VTHE_0.500-13X9.000_GR5.par,24103309
1141,VTHE_0.750-10X2.000_SS.par,24103310
1144,VTRO_0.250-20X1.000_GR5.par,24103363
1145,VP_0.750-10X0.875.PAR,24103421
1146,VTHE_0.375-16X4.500_GR5.par,24103453
1147,VP_0.313-24X0.313.PAR,24103463
1148,VTFR_0.375-16X1.500.par,24103507
1149,VTHE_0.750-10X7.500_GR5.par,24103544
1150,VP_0.750-10X0.750.PAR,24103602
1151,VTFR_0.500-13X1.500.par,24103620
1153,VTFR_0.500-13X2.500.par,24103621
1154,VTHE_0.250-20X4.000_SS.par,24103676
1155,VTHE_0.750-10X3.000_GR2-GALV.par,24103705
1156,VTHE_0.750-10X6.500_GR5.par,24103775
1157,VTHE_0.500-13X1.750_GR12.par,24103849
1158,VP_1.000-8X1.000.PAR,24103863
1159,VTHE_0.500-13X2.500_GR12.par,24103875
1160,VTHE_0.500-13X2.000_GR12.par,24103876
1161,VTHE_0.750-10X8.500_GR5.par,24103894
1162,VTHE_1.000-8X4.000_GR5.par,24103917
1163,VTHE_M12-1.25X025_CLS8.8.par,24103957
1165,VTHE_0.250-20X1.250_SS.par,24103998
1166,VTHE_M10-1.50X200_CLS8.8.par,24104001
1167,VTHE_M20-2.50X050_CLS8.8.par,24104018
1168,VTHE_0.750-10X4.000_GR12.par,24104024
1169,VTCY_0.190-32X0.500.par,24104072
1170,VTFR_M08-1.25X018.par,24104091
1171,VTCY_0.164-32X1.250.par,24104134
1172,VTFR_0.190-24X0.625.par,24104156
1173,VTFR_0.138-32X0.625.par,24104195
1174,VTFR_M06-1.00X016.par,24104197
1175,VTFR_M06-1.00X020.par,24104198
1176,VTHE_0.625-11X4.000_GR12.par,24104200
1177,VTHE_0.500-13X2.000_GR2-GALV.par,24104207
1178,VTHE_0.500-13X2.500_GR2-GALV.par,24104222
1179,VTHE_M12-1.25X030_CLS8.8.par,24104236
1180,VTFR_0.313-18X0.500.par,24104237
1181,VTHE_0.750-10X3.500_GR12.par,24104255
1182,VTFR_0.250-20X2.250.par,24104257
1183,VTFR_0.500-13X1.750_SS.par,24104259
1184,VTFR_M06-1.00X012.par,24104262
1185,VP_1.000-8X1.500.PAR,24104263
1186,VTHE_M12-1.75X120_CLS8.8.par,24104320
1187,VTHE_M12-1.75X100_CLS8.8.par,24104321
1188,VTHE_M12-1.75X140_CLS8.8.par,24104322
1189,VTHE_M12-1.75X130_CLS8.8.par,24104323
1190,VTHE_M10-1.50X020_CLS8.8.par,24104324
1191,VTHE_M08-1.25X035_CLS8.8.par,24104326
1192,VTHE_M08-1.25X080_CLS8.8.par,24104327
1193,VTHE_M16-2.00X050_CLS8.8.par,24104328
1194,VTHE_M16-2.00X160_CLS8.8.par,24104329
1195,VTCY_M12-1.75X040.par,24104334
1196,VTCY_M12-1.75X050.par,24104336
1197,VTCY_M06-1.00X070.par,24104337
1198,VTCY_M06-1.00X050.par,24104338
1199,VTCY_M05-0.80X040.par,24104339
1200,VTCY_M05-0.80X050.par,24104340
1201,VTCY_M10-1.50X065.par,24104342
1202,VTCY_M08-1.25X045.par,24104344
1203,VTCY_M08-1.25X035.par,24104345
1204,VTCY_M08-1.25X012.par,24104346
1205,VTCY_M08-1.25X090.par,24104347
1206,VTCY_M08-1.25X020.par,24104348
1207,VTCY_M08-1.25X100.par,24104349
1208,VTFR_M12-1.75X025.par,24104350
1209,VTFR_M05-0.80X012.par,24104351
1210,VP_M06-1.00X012.PAR,24104352
1211,VP_M08-1.25X030.PAR,24104353
1212,VTCYE_0.500-13X0.625X1.000.PAR,24104361
1213,VTCYE_0.500-13X0.625X1.500.PAR,24104362
1214,VTFR_M04-0.70X016_SS.par,24104371
1215,VP_M05-0.80X006_SS.PAR,24104372
1216,VTHE_M10-1.25X015_CLS8.8.par,24104373
1217,VTHE_0.500-13X3.500_GR12.par,24104374
1218,VTHE_0.500-13X3.000_GR12.par,24104419
1219,VP_0.375-16X0.750_SS.PAR,24104420
1220,VTHE_0.375-16X4.000_SS.par,24104421
1221,VTHE_M20-2.50X170_CLS8.8.par,24104432
1222,VTFR_0.375-16X1.250_SS.par,24104440
1223,VP_M08-1.25X008.PAR,24104459
1224,VP_M10-1.50X010.PAR,24104460
1225,VTCY_0.375-16X1.250_SS.par,24104490
1226,VP_M06-1.00X010_BLACK.PAR,24104494
1227,VTHE_M06-1.00X045_CLS8.8.par,24104497
1228,VTHE_M06-1.00X050_CLS8.8.par,24104498
1229,VTHE_M06-1.00X100_CLS8.8.par,24104499
1230,VTHE_M06-1.00X090_CLS8.8.par,24104500
1231,VTHE_M06-1.00X080_CLS8.8.par,24104501
1232,VTHE_M06-1.00X065_CLS8.8.par,24104502
1233,VTHE_M10-1.50X100_CLS8.8.par,24104503
1234,VTHE_M10-1.50X080_CLS8.8.par,24104504
1235,VTHE_M10-1.50X110_CLS8.8.par,24104505
1236,VTHE_M10-1.25X020_CLS8.8.par,24104506
1237,VTHE_M10-1.25X025_CLS8.8.par,24104507
1238,VTHE_M10-1.25X035_CLS8.8.par,24104508
1239,VTHE_M12-1.75X020_CLS8.8.par,24104509
1240,VTHE_M12-1.75X025_CLS8.8.par,24104510
1241,VTHE_M12-1.75X030_CLS8.8.par,24104511
1242,VTHE_M12-1.75X040_CLS8.8.par,24104512
1243,VTHE_M12-1.75X075_CLS8.8.par,24104513
1244,VTHE_M12-1.75X110_CLS8.8.par,24104514
1245,VTHE_M12-1.75X150_CLS8.8.par,24104515
1246,VTHE_M16-2.00X045_CLS8.8.par,24104516
1247,VTHE_M16-2.00X055_CLS8.8.par,24104517
1248,VTHE_M16-2.00X100_CLS8.8.par,24104518
1249,VTHE_M16-2.00X090_CLS8.8.par,24104519
1250,VTHE_M16-2.00X065_CLS8.8.par,24104520
1251,VTHE_M20-2.50X075_CLS8.8.par,24104521
1252,VTHE_M20-2.50X180_CLS8.8.par,24104522
1253,VTHE_M20-2.50X065_CLS8.8.par,24104523
1254,VTFR_M04-0.70X020.par,24104553
1255,VTFR_M06-1.00X045.par,24104554
1256,VTFR_M06-1.00X060.par,24104555
1257,VP_M05-0.80X006.PAR,24104556
1258,VP_M06-1.00X006.PAR,24104557
1259,VP_M06-1.00X025.PAR,24104559
1260,VTCY_M04-0.70X020.par,24104563
1261,VTCY_M05-0.80X010.par,24104567
1262,VTCY_M05-0.80X012.par,24104568
1263,VTCY_M06-1.00X080.par,24104581
1264,VTCY_M08-1.25X040.par,24104586
1265,VTCY_M10-1.50X016.par,24104590
1266,VTCY_M10-1.50X020.par,24104591
1267,VTCY_M10-1.50X060.par,24104593
1268,VTCY_M12-1.75X025.par,24104594
1269,VTCYE_M05-0.8X006X006.PAR,24104609
1270,VTHE_M14-2.00X065_CLS12.9-BLACK.par,24104610
1271,VTHE_M12-1.75X045_CLS8.8.par,24104611
1272,VTHE_M10-1.50X055_CLS8.8.par,24104612
1273,VTCY_M10-1.50X080.par,24104615
1274,VP_M10-1.50X020.PAR,24104618
1275,VTHE_0.625-11X3.500_GR12.par,24104622
1276,VP_M05-0.80X020.PAR,24104626
1277,VTFR_M03-0.50X016.par,24104634
1278,VTHE_M18-2.50X030_CLS8.8.par,24104654
1279,VTHE_M18-2.50X065_CLS8.8.par,24104655
1280,VTHE_M20-2.50X100_CLS8.8.par,24104656
1281,VTCY_M04-0.70X012_ZINC.PAR,24104667
1282,VTFR_M05-0.80X025.par,24104669
1283,VTFR_M12-1.75X030.par,24104671
1284,VTHE_M10-1.50X012_CLS8.8.par,24104681
1285,VTHE_M12-1.75X070_CLS8.8.par,24104683
1286,VTHE_M12-1.75X080_CLS8.8.par,24104684
1287,VTHE_M12-1.75X016_CLS8.8.par,24104685
1288,VTCY_0.625-11X1.250.par,24104686
1289,VTHE_M16-2.00X035_CLS8.8.par,24104691
1290,24104709.par,24104709
1291,VTCY_M06-1.00X016_SS.par,24104710
1292,VP_M05-0.80X010.PAR,24104711
1293,VP_M06-1.00X010_SS.PAR,24104712
1294,VTHE_M06-1.00X055_CLS8.8.par,24104714
1295,VTHE_M08-1.25X045_CLS8.8.par,24104715
1296,VTHE_M08-1.25X090_CLS8.8.par,24104716
1297,VTHE_M10-1.50X035_CLS8.8.par,24104717
1298,VTHE_M10-1.50X045_CLS8.8.par,24104718
1299,VTHE_M10-1.50X065_CLS8.8.par,24104719
1300,VTHE_M16-2.00X080_CLS8.8.par,24104720
1301,VTHE_M20-2.50X040_CLS8.8.par,24104721
1302,VTHE_M20-2.50X130_CLS8.8.par,24104722
1303,VP_M06-1.00X010.PAR,24104724
1304,VP_M06-1.00X016.PAR,24104725
1305,VP_M08-1.25X010.PAR,24104726
1306,VP_M08-1.25X016.PAR,24104727
1307,VTFR_M05-0.80X020.par,24104731
1308,VTFR_M12-1.75X035.par,24104732
1309,VTCY_M04-0.70X035.par,24104733
1310,VTCY_M05-0.80X045.par,24104734
1311,VTCY_M06-1.00X035.par,24104735
1312,VTCY_M06-1.00X090.par,24104736
1313,VTCY_M08-1.25X016.par,24104737
1314,VTCY_M10-1.50X040.par,24104738
1315,VTCY_M10-1.50X070.par,24104739
1316,VTCY_M10-1.50X090.par,24104740
1317,VTCY_M12-1.75X020.par,24104741
1318,VTCY_M10-1.50X035.PAR,24104742
1319,VTHE_M08-1.25X130_CLS8.8.par,24104743
1320,VTFR_M08-1.25X040.par,24104760
1321,VTHE_M12-1.75X110_SS.par,24104761
1322,VTHE_M12-1.75X130_SS.par,24104762
1323,VTHE_M12-1.75X140_SS.par,24104763
1324,VTHE_M12-1.75X070_SS.par,24104764
1325,VTHE_M06-1.00X045_SS.par,24104765
1326,VTHE_M06-1.00X055_SS.par,24104766
1327,VTHE_M06-1.00X065_SS.par,24104767
1328,VTHE_M20-2.50X040_SS.par,24104768
1329,VTHE_M10-1.50X020_SS.par,24104769
1330,VTHE_M10-1.50X065_SS.par,24104770
1331,VTHE_M10-1.50X080_SS.par,24104771
1332,VTHE_M10-1.50X070_SS.par,24104772
1333,VTHE_M08-1.25X025_SS.par,24104773
1334,VTHE_M08-1.25X090_SS.par,24104775
1335,VTHE_M08-1.25X035_SS.par,24104776
1336,VTHE_M08-1.25X080_SS.par,24104777
1337,VTHE_M08-1.25X016_SS.par,24104778
1338,VTHE_M16-2.00X080_SS.par,24104779
1339,VTHE_M16-2.00X050_SS.par,24104780
1340,VTHE_M05-0.80X012_SS.par,24104781
1341,VTHE_M05-0.80X020_SS.par,24104782
1342,VTHE_M05-0.80X025_SS.par,24104783
1343,VTHE_M06-1.00X050_SS.par,24104784
1344,VTHE_M08-1.25X020_SS.par,24104785
1345,VTHE_M08-1.25X140_SS.par,24104786
1346,VTCY_M12-1.75X020_SS.par,24104787
1347,VTCY_M12-1.75X050_SS.par,24104788
1348,VTCY_M12-1.75X040_SS.par,24104789
1349,VTCY_M12-1.75X025_SS.par,24104790
1350,VTCY_M06-1.00X020_SS.par,24104791
1351,VTCY_M06-1.00X070_SS.par,24104792
1352,VTCY_M06-1.00X090_SS.par,24104793
1353,VTCY_M06-1.00X035_SS.par,24104794
1354,VTCY_M06-1.00X050_SS.par,24104795
1355,VTCY_M06-1.00X060_SS.par,24104796
1356,VTCY_M06-1.00X040_SS.par,24104797
1357,VTCY_M06-1.00X025_SS.par,24104798
1358,VTCY_M05-0.80X050_SS.par,24104799
1359,VTCY_M05-0.80X016_SS.par,24104800
1360,VTCY_M05-0.80X025_SS.par,24104801
1361,VTCY_M05-0.80X035_SS.par,24104802
1362,VTCY_M05-0.80X045_SS.par,24104803
1363,VTCY_M05-0.80X020_SS.par,24104804
1364,VTCY_M10-1.50X070_SS.par,24104805
1365,VTCY_M10-1.50X040_SS.par,24104806
1366,VTCY_M10-1.50X020_SS.par,24104807
1367,VTCY_M10-1.50X016_SS.par,24104808
1368,VTCY_M10-1.50X025_SS.par,24104809
1369,VTCY_M08-1.25X035_SS.par,24104810
1370,VTCY_M08-1.25X070_SS.par,24104811
1371,VTCY_M08-1.25X046_SS.par,24104812
1372,VTCY_M08-1.25X016_SS.par,24104813
1373,VTCY_M08-1.25X020_SS.par,24104814
1374,VTCY_M08-1.25X025_SS.par,24104815
1375,VTCY_M08-1.25X040_SS.par,24104816
1376,VTCY_M08-1.25X050_SS.par,24104817
1377,VTCY_M08-1.25X090_SS.par,24104818
1378,VTCY_M04-0.70X025_SS.par,24104819
1379,VTCY_M04-0.70X010_SS.PAR,24104820
1380,VTCY_M04-0.70X035_SS.par,24104821
1381,VTCY_M05-0.80X012_SS.par,24104822
1382,VTFR_M06-1.00X025_SS.par,24104823
1383,VTFR_M12-1.75X035_SS.par,24104824
1384,VTFR_M06-1.00X020_SS.par,24104825
1385,VTFR_M05-0.80X016_SS.par,24104826
1386,VTHE_M08-1.25X065_CLS8.8.par,24104829
1387,VTFR_M05-0.80X020_SS.par,24104830
1388,VTFR_M08-1.25X045_SS.par,24104831
1389,VP_M05-0.80X008_SS.PAR,24104858
1390,VP_M06-1.00X025_SS.PAR,24104860
1391,VP_M06-1.00X016_SS.PAR,24104861
1392,VP_M06-1.00X020_SS.PAR,24104862
1393,VP_M06-1.00X008_SS.PAR,24104863
1394,VP_M08-1.25X016_SS.PAR,24104864
1395,VTHE_M16-2.00X060_SS.par,24104865
1396,VTHE_M10-1.50X045_SS.par,24104866
1397,VTHE_M16-2.00X040_SS.par,24104867
1398,VTHE_M10-1.50X040_SS.par,24104868
1399,VTHE_M10-1.50X025_SS.par,24104869
1400,VTCY_M12-1.75X035_SS.par,24104873
1401,VTCY_M10-1.50X090_SS.par,24104874
1402,VP_M08-1.25X010_SS.PAR,24104886
1403,VTCY_M06-1.00X012_SS.par,24104888
1404,VTHE_M20-2.50X130_SS.par,24104891
1405,VTHE_M06-1.00X035_SS.par,24104892
1406,VTHE_M06-1.00X016_SS.par,24104921
1407,VTHE_M10-1.50X030_SS.par,24104922
1408,VTHE_M06-1.00X030_SS.par,24104923
1409,VTHE_M12-1.75X050_SS.par,24104924
1410,VTHE_M12-1.75X025_SS.par,24104925
1411,VTHE_M08-1.25X040_SS.par,24104926
1412,VTHE_M06-1.00X025_SS.par,24104927
1413,VTFR_M06-1.00X016_SS.par,24104928
1414,VP_M10-1.50X010_SS.PAR,24104932
1415,VTHE_M10-1.50X130_CLS8.8.par,24104936
1416,VTFR_M10-1.50X025.par,24104946
1417,VTFR_M10-1.50X030.par,24104947
1418,VTFR_M10-1.50X040.par,24104948
1419,VP_M12-1.75X016.PAR,24104949
1420,VP_M12-1.75X012.PAR,24104950
1421,VTCYE_0.500-13X0.625X1.750.PAR,24104955
1422,VTHE_M16-2.00X060_CLS8.8-GALV.par,24104973
1423,VTFR_M08-1.25X040_SS.par,24104979
1424,VTFR_M08-1.25X025_SS.par,24104980
1425,VP_M10-1.50X020_SS.PAR,24104981
1426,VTFR_0.190-24X2.500.par,24104997
1427,VTCY_0.138-32X0.625.par,24105013
1428,VTFR_M06-1.00X025.par,24105021
1429,VTHE_0.750-10X6.500_GR8.par,24105052
1430,VTCY_M06-1.00X016.par,24105058
1431,VTCY_M06-1.00X045.par,24105083
1432,VTHE_M16-2.00X030_CLS8.8.par,24105091
1433,VTCY_0.190-32X3.500.par,24105154
1434,VTHE_0.875-9X3.500_GR5.par,24105204
1435,VTFR_0.375-16X3.500.par,24105205
1436,VTHE_1.000-8X7.000_GR5.par,24105207
1437,VP_0.625-11X2.500.PAR,24105272
1438,VTHE_0.750-16X2.500_GR8.par,24105320
1439,VTHE_0.750-16X4.000_GR8.par,24105321
1441,VTCYE_0.313-18X0.375X1.000.PAR,24105841
1442,VTCYE_0.313-18X0.375X1.500.PAR,24105877
1443,VTCY_0.250-20X1.250_SS.par,24105887
1444,VTCY_M12-1.75X090_SS.par,24105898
1445,VP_M22-2.50X050.PAR,24105899
1446,VP_M20-2.50X030.PAR,24105900
1447,VP_M05-0.80X008.PAR,24105901
1448,VTHE_M24-3.00X050_CLS8.8-BLACK.par,24105902
1449,VTFR_0.500-13X2.000.par,24105971
1450,VTHE_0.375-16X2.000_FULL_GR5.PAR,24105979
1452,VTCY_0.500-13X1.250_SS.par,24105998
1453,VTFR_0.138-32X1.000_SS.par,24105999
1454,VTHE_0.500-13X2.250_GR2.par,24106011
1455,VTHE_0.375-16X3.500_SS.par,24106017
1457,VTHE_0.375-16X2.000_SS.par,24106018
1458,VTHE_M10-1.50X035_SS.par,24106027
1459,VTHE_M08-1.25X070_SS.par,24106028
1460,VTHE_M12-1.75X016_SS.par,24106029
1462,VTHE_0.500-13X2.000_FULL_GR2.par,24106033
1464,VTHE_0.750-10X2.750_GR5.par,24106038
1465,VTHE_M08-1.25X045_SS.par,24106071
1466,VTHE_M16-1.50X035_CLS8.8.par,24106072
1467,VTCY_M10-1.50X060_SS.par,24106080
1468,VTFR_M05-0.80X022_PLATED.par,24106135
1469,VTCY_0.438-20X2.000.par,24106149
1470,VTHE_0.625-18X1.750_GR5.par,24106175
1471,VTHE_0.750-16X2.000_GR5.par,24106177
1472,VTHE_0.375-24X1.750_GR5.par,24106178
1473,VTFR_0.250-20X3.500.par,24106180
1474,VTFR_0.250-20X4.000.par,24106181
1475,VTHE_0.500-20X6.500_GR5.par,24106279
1476,VTHE_1.375-6X6.000_GR5.par,24106416
1477,VTHE_0.500-20X2.500_GR12.par,24106434
1478,VTHE_0.750-16X8.000_GR8.par,24106505
1479,VTHE_0.500-20X2.500_GR8.par,24106551
1480,VP_0.375-16X0.500_KP.PAR,24106626
1481,VTHE_1.375-12X7.250_GR5.par,24106686
1482,VTHE_M20-2.50X060_CLS8.8.par,24106740
1483,VTHE_0.875-9X7.000_GR5.par,24106793
1484,VTCY_0.438-14X0.750.par,24106838
1485,VP_0.625-11X3.000.PAR,24106841
1487,VTHE_0.313-18X1.500_SS.par,24106862
1488,VTHE_1.000-8X5.500_GR5.par,24106926
1489,VTHE_1.000-8X6.000_GR5.par,24106927
1490,VTHE_1.000-12X5.000_GR12.par,24106948
1491,VTHE_1.500-6X6.000_GR5.par,24106972
1492,VTHE_1.000-8X3.500_GR8.par,24107015
1493,VTHE_0.500-13X2.000_GR8.par,24107017
1494,VTHE_0.375-24X2.000_GR12.par,24107034
1495,VTHE_1.000-8X2.500_GR5.par,24107048
1496,VTFR_0.500-13X3.000.par,24107049
1497,VTHE_0.313-18X4.500_GR5.par,24107075
1498,VTHE_0.750-10X5.500_GR5.par,24107078
1499,VTHE_0.750-16X4.250_GR8.par,24107086
1500,VTHE_0.625-11X6.000_GR5.par,24107112
1501,VTHE_0.875-9X5.000_GR5.par,24107205
1502,VTHE_0.875-9X6.000_GR5.par,24107209
1503,VTHE_0.375-24X3.000_GR8.par,24107274
1504,VTHE_0.625-18X2.250_GR8.par,24107285
1505,VTHE_0.750-16X2.000_GR8.par,24107286
1506,VTHE_0.750-16X4.500_GR8.par,24107300
1507,VP_0.500-13X2.000.PAR,24107353
1508,VTHE_0.625-11X8.000_GR5.par,24107373
1509,VP_M10-1.50X025.PAR,24107414
1510,VTCY_M04-0.70X012_SS.PAR,24107418
1512,VTHE_0.500-13X1.500_SS.par,24107431
1513,VP_1.000-8X1.250.PAR,24107435
1514,VTFR_0.750-10X3.000.par,24107436
1515,VP_0.250-20X2.000.PAR,24107443
1516,VP_0.313-18X0.500.PAR,24107663
1517,VTFR_0.625-11X3.000.PAR,24107929
1518,VTCY_M06-1.00X040.par,24109007
1519,VTHE_0.375-24X1.250_G,24109036
1521,VTCY_0.500-13X1.000.par,24109046
1522,VTHE_M16-2.00X040_CLS8.8.par,24109064
1523,VTRO_0.250-20X0.500_GR5.PAR,24109071
1524,VTHE_0.250-20X4.500_GR5.par,24109073
1525,VTFR_M08-1.25X025.par,24109075
1526,VTHE_0.375-16X4.250_GR5.par,24109077
1527,VTHE_0.375-16X5.500_GR5.par,24109078
1528,VTFR_0.112-40X0.500.par,24109098
1529,VTHE_0.500-13X7.000_GR5.par,24109127
1530,VTHE_0.625-18X2.500_GR5.par,24109128
1531,VTHE_0.313-24X0.750_GR5.par,24109277
1532,VTHE_M16-2.00X100_FULL_CLS8.8.par,254218
1533,VTHE_M08-1.25X130_SS316.par,300107
1534,VTCY_0.500-13X4.500.par,300187
1535,VTCY_M05-0.80X070.par,300282
1536,VTCY_M08-1.25X120.par,300283
1537,VP_M16-2.00X025.PAR,300286
1538,VTCYE_0.250-20X0.313X2.000.PAR,300290
1539,VTCY_0.190-32X0.375.par,300366
1540,VTFR_M08-1.25X060.par,300390
1541,VTFR_0.313-18X3.500.par,300494
1542,VTFR_0.313-18X1.750.par,300495
1543,VTHE_M24-3.00X090_CLS8.8.par,300519
1544,VTHE_M24-3.00X080_CLS8.8.par,300520
1545,VTCY_M12-1.75X080.par,300521
1546,VTHE_M20-2.50X120_CLS8.8.par,300542
1547,VTHE_M24-3.00X050_CLS8.8.par,300543
1548,VTHE_M24-3.00X100_CLS8.8.par,300544
1549,VTCY_M12-1.75X100.par,300545
1550,VTFR_M10-1.50X080.par,300546
1551,VTHE_M08-1.25X030_NYLON.par,300606
1552,345234.PAR,345234
1553,54010220.par,54010220
1554,VTCYE_0.375-16X0.500X0.500.par,55030020
1555,VTCYE_0.625-11X0.750X2.250.PAR,55030052
