,ITEMNO,SEARCHTEXT,TYPECONVERSION,ITEMCONVERTI,SEARCHTEXT_1,MATERIAL_1,MATERIAL_2,Unnamed: 0,material_jde
11,24103310,[SS.304],4,185585,[SS.304],SS304,SS304,41707.0,[SS.304]
23,107190,[SS.304],4,185572,[SS.304],SS304,SS304,41681.0,[SS.304]
29,107191,[SS.304],4,185790,[SS.304],SS304,SS304,43532.0,[SS.304]
41,107200,[SS.304],4,118588,[SS.304],SS304,SS304,41617.0,[SS.304]
107,108007,[SS.304],4,185738,[SS.304],SS304,SS304,43269.0,[SS.304]
225,108726,ZINC PLATED,2,123481,ZINC PLATED,ZINC,ZINC,86884.0,ZINC PLATED
523,107559,[SS.304],4,185748,[SS.304],SS304,SS304,43291.0,[SS.304]
541,107574,[SS.304],4,185792,[SS.304],SS304,SS304,43542.0,[SS.304]
547,107576,[SS.304],4,24104823,[SS.304],SS304,SS304,43365.0,[SS.304]
577,107691,[SS.304],4,118418,[SS.304],SS304,SS304,41517.0,[SS.304]
681,117634,[SS.304],4,24104895,[SS.304],SS304,SS304,42119.0,[SS.304]
687,117651,[SS.304],4,118476,[SS.304],SS304,SS304,42103.0,[SS.304]
693,117652,[SS.304],4,172606,[SS.304],SS304,SS304,42126.0,[SS.304]
705,117654,[SS.304],4,185557,[SS.304],SS304,SS304,41555.0,[SS.304]
711,117655,[SS.304],4,118479,[SS.304],SS304,SS304,41808.0,[SS.304]
717,117656,[SS.304],4,119172,[SS.304],SS304,SS304,41822.0,[SS.304]
723,117659,[SS.304],4,24104830,[SS.304],SS304,SS304,43341.0,[SS.304]
773,116850,ZINC PLATED,2,181731,ZINC PLATED,ZINC,ZINC,77955.0,ZINC PLATED
817,117463,[SS.304],4,24104866,[SS.304],SS304,SS304,41503.0,[SS.304]
823,117464,[SS.304],4,185619,[SS.304],SS304,SS304,41968.0,[SS.304]
847,117533,[SS.304],4,185779,[SS.304],SS304,SS304,43412.0,[SS.304]
859,117586,[SS.304],4,118121,[SS.304],SS304,SS304,43557.0,[SS.304]
871,117588,[SS.304],4,24104862,[SS.304],SS304,SS304,43572.0,[SS.304]
877,117589,[SS.304],4,118846,[SS.304],SS304,SS304,41803.0,[SS.304]
883,117590,[SS.304],4,185701,[SS.304],SS304,SS304,42992.0,[SS.304]
889,117591,[SS.304],4,118590,[SS.304],SS304,SS304,41623.0,[SS.304]
895,117592,[SS.304],4,118589,[SS.304],SS304,SS304,41665.0,[SS.304]
901,117609,[SS.304],4,185560,[SS.304],SS304,SS304,41589.0,[SS.304]
919,117613,[SS.304],4,24106028,[SS.304],SS304,SS304,41871.0,[SS.304]
925,117614,[SS.304],4,24104712,[SS.304],SS304,SS304,43565.0,[SS.304]
931,117615,[SS.304],4,185639,[SS.304],SS304,SS304,42100.0,[SS.304]
937,117616,[SS.304],4,185777,[SS.304],SS304,SS304,43404.0,[SS.304]
943,117617,[SS.304],4,118477,[SS.304],SS304,SS304,43406.0,[SS.304]
961,117620,[SS.304],4,24104865,[SS.304],SS304,SS304,41652.0,[SS.304]
967,117621,[SS.304],4,118570,[SS.304],SS304,SS304,41811.0,[SS.304]
973,117622,[SS.304],4,118296,[SS.304],SS304,SS304,41859.0,[SS.304]
979,117623,[SS.304],4,24104892,[SS.304],SS304,SS304,41791.0,[SS.304]
985,117624,[SS.304],4,24104792,[SS.304],SS304,SS304,43049.0,[SS.304]
991,117625,[SS.304],4,185794,[SS.304],SS304,SS304,43553.0,[SS.304]
997,117626,[SS.304],4,117113,[SS.304],SS304,SS304,42842.0,[SS.304]
1003,117627,[SS.304],4,118178,[SS.304],SS304,SS304,41658.0,[SS.304]
1009,117628,[SS.304],4,117619,[SS.304],SS304,SS304,41579.0,[SS.304]
1015,117629,[SS.304],4,185742,[SS.304],SS304,SS304,43276.0,[SS.304]
1021,117630,[SS.304],4,24104771,[SS.304],SS304,SS304,41519.0,[SS.304]
1027,117631,[SS.304],4,118418,[SS.304],SS304,SS304,41517.0,[SS.304]
1033,117632,[SS.304],4,24104869,[SS.304],SS304,SS304,41491.0,[SS.304]
1039,117633,[SS.304],4,24104772,[SS.304],SS304,SS304,41515.0,[SS.304]
1055,118185,[SS.304],4,24104838,[SS.304],SS304,SS304,42298.0,[SS.304]
1079,118248,[SS.304],4,118247,[SS.304],SS304,SS304,43274.0,[SS.304]
1113,118571,[SS.304],4,24104921,[SS.304],SS304,SS304,41780.0,[SS.304]
1149,118366,[SS.304],4,118367,[SS.304],SS304,SS304,42116.0,[SS.304]
1161,118372,[SS.304],4,118374,[SS.304],SS304,SS304,41718.0,[SS.304]
1249,117660,[SS.304],4,24104796,[SS.304],SS304,SS304,43046.0,[SS.304]
1255,117661,[SS.304],4,119591,[SS.304],SS304,SS304,42946.0,[SS.304]
1261,117662,[SS.304],4,24107418,[SS.304],SS304,SS304,42939.0,[SS.304]
1261,117662,[SS.304],4,24107418,[SS.304],SS304,SS304,42940.0,[SS.304]
1267,117663,[SS.304],4,118484,[SS.304],SS304,SS304,41591.0,[SS.304]
1273,117664,[SS.304],4,24104775,[SS.304],SS304,SS304,41877.0,[SS.304]
1279,117665,[SS.304],4,185566,[SS.304],SS304,SS304,41626.0,[SS.304]
1285,117666,[SS.304],4,107681,[SS.304],SS304,SS304,41640.0,[SS.304]
1291,117667,[SS.304],4,118420,[SS.304],SS304,SS304,43522.0,[SS.304]
1297,117668,[SS.304],4,24105896,[SS.304],SS304,SS304,101259.0,[SS.304]
1303,117669,[SS.304],4,118414,[SS.304],SS304,SS304,43358.0,[SS.304]
1309,117670,[SS.304],4,118416,[SS.304],SS304,SS304,41636.0,[SS.304]
1315,117671,[SS.304],4,120888,[SS.304],SS304,SS304,43013.0,[SS.304]
1319,117718,ZINC PLATED,2,117720,ZINC PLATED,ZINC,ZINC,42562.0,ZINC PLATED
1331,117751,ZINC PLATED,2,117753,ZINC PLATED,ZINC,ZINC,42563.0,ZINC PLATED
1369,117925,[SS.304],4,119592,[SS.304],SS304,SS304,43344.0,[SS.304]
1393,117986,[SS.304],4,24104793,[SS.304],SS304,SS304,43054.0,[SS.304]
1423,118092,[SS.304],4,119751,[SS.304],SS304,SS304,41547.0,[SS.304]
1441,118176,[SS.304],4,118177,[SS.304],SS304,SS304,41464.0,[SS.304]
1479,122990,[SS.304],4,185659,[SS.304],SS304,SS304,42457.0,[SS.304]
1491,122992,[SS.304],4,209564,[SS.304],SS304,SS304,43380.0,[SS.304]
1519,118596,[SS.304],4,185817,[SS.304],SS304,SS304,77950.0,[SS.304]
1531,118620,[SS.304],4,185707,[SS.304],SS304,SS304,43015.0,[SS.304]
1537,118621,[SS.304],4,24104848,[SS.304],SS304,SS304,101264.0,[SS.304]
1555,118796,[SS.304],4,118797,[SS.304],SS304,SS304,42847.0,[SS.304]
1609,118933,[SS.304],4,24104781,[SS.304],SS304,SS304,41749.0,[SS.304]
1627,119168,[SS.304],4,119167,[SS.304],SS304,SS304,42849.0,[SS.304]
1645,119176,[SS.304],4,185546,[SS.304],SS304,SS304,41479.0,[SS.304]
1663,119179,[SS.304],4,24104765,[SS.304],SS304,SS304,41797.0,[SS.304]
1669,119180,[SS.304],4,185544,[SS.304],SS304,SS304,41469.0,[SS.304]
1705,119590,[SS.304],4,119584,[SS.304],SS304,SS304,43421.0,[SS.304]
1735,119795,[SS.304],4,24104821,[SS.304],SS304,SS304,42954.0,[SS.304]
1797,121027,[SS.316],6,182647,[SS.316],SS316,SS316,41575.0,[SS.316]
1803,121028,[SS.316],6,182682,[SS.316],SS316,SS316,42260.0,[SS.316]
1847,135629,[SS.304],4,118481,[SS.304],SS304,SS304,41486.0,[SS.304]
1853,135669,[SS.304],4,24104845,[SS.304],SS304,SS304,101272.0,[SS.304]
1859,135671,[SS.304],4,185598,[SS.304],SS304,SS304,41827.0,[SS.304]
1865,135672,[SS.304],4,185638,[SS.304],SS304,SS304,42097.0,[SS.304]
1923,139633,[SS.304],4,185745,[SS.304],SS304,SS304,43281.0,[SS.304]
1959,136816,[SS.304],4,24104801,[SS.304],SS304,SS304,42989.0,[SS.304]
1971,136994,[SS.304],4,185586,[SS.304],SS304,SS304,41710.0,[SS.304]
2029,123334,[SS.304],4,215862,[SS.304],SS304,SS304,41744.0,[SS.304]
2035,123337,[SS.304],4,24104845,[SS.304],SS304,SS304,101272.0,[SS.304]
2141,128432,ZINC PLATED,2,148112,ZINC PLATED,ZINC,ZINC,86881.0,ZINC PLATED
2185,134006,[SS.304],4,185501,[SS.304],SS304,SS304,10575.0,[SS.304]
2197,134179,[SS.304],4,185571,[SS.304],SS304,SS304,41661.0,[SS.304]
2215,134315,[SS.304],4,185641,[SS.304],SS304,SS304,42114.0,[SS.304]
2253,148022,[SS.304],4,185705,[SS.304],SS304,SS304,43009.0,[SS.304]
2303,139675,ZINC PLATED,2,108079,ZINC PLATED,ZINC,ZINC,43704.0,ZINC PLATED
2401,143542,[SS.304],4,185503,[SS.304],SS304,SS304,10577.0,[SS.304]
2461,145279,[SS.304],4,185653,[SS.304],SS304,SS304,42267.0,[SS.304]
2491,146380,[SS.304],4,119591,[SS.304],SS304,SS304,42946.0,[SS.304]
2515,146431,[SS.304],4,220924,[SS.304],SS304,SS304,41778.0,[SS.304]
2565,147289,[SS.316],6,182662,[SS.316],SS316,SS316,41786.0,[SS.316]
2571,147292,[SS.316],6,182642,[SS.316],SS316,SS316,41560.0,[SS.316]
2577,147293,[SS.316],6,182640,[SS.316],SS316,SS316,41533.0,[SS.316]
2587,147419,[SS.304],4,185696,[SS.304],SS304,SS304,42959.0,[SS.304]
2599,147500,[SS.304],4,209756,[SS.304],SS304,SS304,42869.0,[SS.304]
2673,159699,[SS.304],4,119587,[SS.304],SS304,SS304,41965.0,[SS.304]
2881,153160,[SS.304],4,170766,[SS.304],SS304,SS304,42976.0,[SS.304]
2899,153210,[SS.304],4,185518,[SS.304],SS304,SS304,10619.0,[SS.304]
2911,154054,[SS.304],4,185765,[SS.304],SS304,SS304,43373.0,[SS.304]
2917,154316,[SS.304],4,185783,[SS.304],SS304,SS304,43416.0,[SS.304]
2929,154357,[SS.304],4,185835,[SS.304],SS304,SS304,101267.0,[SS.304]
2965,155142,[SS.304],4,118010,[SS.304],SS304,SS304,41476.0,[SS.304]
2977,155769,[SS.304],4,118026,[SS.304],SS304,SS304,41510.0,[SS.304]
3043,164307,ZINC PLATED,2,210136,ZINC PLATED,ZINC,ZINC,43709.0,ZINC PLATED
3097,161169,[SS.304],4,117587,[SS.304],SS304,SS304,41865.0,[SS.304]
3217,162156,[SS.304],4,24104860,[SS.304],SS304,SS304,43574.0,[SS.304]
3719,166178,ZINC PLATED,2,168981,ZINC PLATED,ZINC,ZINC,43710.0,ZINC PLATED
3923,171348,ZINC PLATED,2,165398,ZINC PLATED,ZINC,ZINC,42558.0,ZINC PLATED
3937,171469,[SS.304],4,186231,[SS.304],SS304,SS304,43688.0,[SS.304]
4261,55030052,ZINC PLATED,2,210137,ZINC PLATED,ZINC,ZINC,43718.0,ZINC PLATED
4587,182141,[SS.304],4,24104782,[SS.304],SS304,SS304,41753.0,[SS.304]
4623,182345,[SS.304],4,149652,[SS.304],SS304,SS304,42899.0,[SS.304]
4789,180062,[SS.304],4,185794,[SS.304],SS304,SS304,43553.0,[SS.304]
4813,180983,[SS.304],4,185499,[SS.304],SS304,SS304,10573.0,[SS.304]
4831,181129,[SS.304],4,185753,[SS.304],SS304,SS304,43302.0,[SS.304]
4837,181130,[SS.304],4,180061,[SS.304],SS304,SS304,42110.0,[SS.304]
4849,181613,[SS.304],4,184799,[SS.304],SS304,SS304,42961.0,[SS.304]
4855,181614,[SS.304],4,24104372,[SS.304],SS304,SS304,43559.0,[SS.304]
4861,181615,[SS.304],4,24104534,[SS.304],SS304,SS304,42465.0,[SS.304]
4873,181670,[SS.304],4,185515,[SS.304],SS304,SS304,10606.0,[SS.304]
4927,182099,[SS.304],4,24104864,[SS.304],SS304,SS304,43583.0,[SS.304]
4933,182111,[SS.304],4,185574,[SS.304],SS304,SS304,41687.0,[SS.304]
5361,185027,[SS.304],4,185506,[SS.304],SS304,SS304,10582.0,[SS.304]
5367,185036,[SS.304],4,185615,[SS.304],SS304,SS304,41956.0,[SS.304]
5373,185041,[SS.304],4,185768,[SS.304],SS304,SS304,43383.0,[SS.304]
5607,183620,[SS.316],6,182732,[SS.316],SS316,SS316,101052.0,[SS.316]
5623,183747,[SS.304],4,185625,[SS.304],SS304,SS304,41977.0,[SS.304]
5659,184808,[SS.304],4,185685,[SS.304],SS304,SS304,42858.0,[SS.304]
5671,184810,[SS.304],4,185600,[SS.304],SS304,SS304,41829.0,[SS.304]
5677,184811,[SS.304],4,185700,[SS.304],SS304,SS304,42977.0,[SS.304]
5683,184812,[SS.304],4,185772,[SS.304],SS304,SS304,43389.0,[SS.304]
5689,184837,[SS.304],4,185510,[SS.304],SS304,SS304,10590.0,[SS.304]
5707,184996,[SS.304],4,185508,[SS.304],SS304,SS304,10586.0,[SS.304]
5713,185012,[SS.304],4,24104980,[SS.304],SS304,SS304,43402.0,[SS.304]
5775,185535,[SS.304],4,185542,[SS.304],SS304,SS304,41467.0,[SS.304]
5781,185536,[SS.304],4,117587,[SS.304],SS304,SS304,41865.0,[SS.304]
5787,185537,[SS.304],4,24104786,[SS.304],SS304,SS304,41835.0,[SS.304]
5793,185538,[SS.304],4,107492,[SS.304],SS304,SS304,41638.0,[SS.304]
5799,185539,[SS.304],4,24104779,[SS.304],SS304,SS304,41663.0,[SS.304]
5847,185521,[SS.304],4,24104783,[SS.304],SS304,SS304,41756.0,[SS.304]
5853,185522,[SS.304],4,185589,[SS.304],SS304,SS304,41758.0,[SS.304]
5859,185523,[SS.304],4,24104764,[SS.304],SS304,SS304,41586.0,[SS.304]
5871,185525,[SS.304],4,118059,[SS.304],SS304,SS304,41813.0,[SS.304]
5877,185526,[SS.304],4,185597,[SS.304],SS304,SS304,41816.0,[SS.304]
5889,185528,[SS.304],4,185580,[SS.304],SS304,SS304,41697.0,[SS.304]
5895,185529,[SS.304],4,185584,[SS.304],SS304,SS304,41705.0,[SS.304]
5901,185530,[SS.304],4,185588,[SS.304],SS304,SS304,41716.0,[SS.304]
5907,185531,[SS.304],4,186339,[SS.304],SS304,SS304,41685.0,[SS.304]
5913,185532,[SS.304],4,185576,[SS.304],SS304,SS304,41691.0,[SS.304]
5925,185534,[SS.304],4,185548,[SS.304],SS304,SS304,41483.0,[SS.304]
5935,185073,[SS.304],4,185512,[SS.304],SS304,SS304,10594.0,[SS.304]
5941,185074,[SS.304],4,24104826,[SS.304],SS304,SS304,43339.0,[SS.304]
5959,185210,[SS.304],4,185651,[SS.304],SS304,SS304,42256.0,[SS.304]
5979,185219,[SS.316],6,182734,[SS.316],SS316,SS316,101251.0,[SS.316]
5997,185222,[SS.316],6,182633,[SS.316],SS316,SS316,41492.0,[SS.316]
6003,185223,[SS.316],6,182644,[SS.316],SS316,SS316,41566.0,[SS.316]
6009,185224,[SS.316],6,182739,[SS.316],SS316,SS316,101279.0,[SS.316]
6021,185226,[SS.316],6,182704,[SS.316],SS316,SS316,43028.0,[SS.316]
6027,185232,[SS.316],6,182735,[SS.316],SS316,SS316,101255.0,[SS.316]
6055,185495,[SS.304],4,185513,[SS.304],SS304,SS304,10604.0,[SS.304]
6061,185496,[SS.304],4,185516,[SS.304],SS304,SS304,10609.0,[SS.304]
6067,185497,[SS.304],4,185504,[SS.304],SS304,SS304,10580.0,[SS.304]
6073,185498,[SS.304],4,185519,[SS.304],SS304,SS304,10622.0,[SS.304]
6481,24100168,ZINC PLATED,2,24101221,ZINC PLATED,ZINC,ZINC,101274.0,ZINC PLATED
6498,24101086,ZINC PLATED,2,185818,ZINC PLATED,ZINC,ZINC,77951.0,ZINC PLATED
6540,24101114,ZINC PLATED,2,185814,ZINC PLATED,ZINC,ZINC,77944.0,ZINC PLATED
6560,24101574,ZINC PLATED,2,185811,ZINC PLATED,ZINC,ZINC,77940.0,ZINC PLATED
6718,24101120,ZINC PLATED,2,185820,ZINC PLATED,ZINC,ZINC,77953.0,ZINC PLATED
6724,24101121,ZINC PLATED,2,182018,ZINC PLATED,ZINC,ZINC,77954.0,ZINC PLATED
6770,24101621,[SS.304],4,24104888,[SS.304],SS304,SS304,43021.0,[SS.304]
6776,24101622,[SS.304],4,24104791,[SS.304],SS304,SS304,43027.0,[SS.304]
6782,24101624,[SS.304],4,24104794,[SS.304],SS304,SS304,43035.0,[SS.304]
6885,24100296,ZINC PLATED,2,185117,ZINC PLATED,ZINC,ZINC,77945.0,ZINC PLATED
6914,24101128,ZINC PLATED,2,182128,ZINC PLATED,ZINC,ZINC,77938.0,ZINC PLATED
7065,24100337,[SS.304],4,185750,[SS.304],SS304,SS304,43297.0,[SS.304]
7087,24100346,ZINC PLATED,2,181732,ZINC PLATED,ZINC,ZINC,77942.0,ZINC PLATED
7093,24100347,ZINC PLATED,2,185117,ZINC PLATED,ZINC,ZINC,77945.0,ZINC PLATED
7158,24101179,ZINC PLATED,2,24104552,ZINC PLATED,ZINC,ZINC,101258.0,ZINC PLATED
7599,24101765,ZINC PLATED,2,185811,ZINC PLATED,ZINC,ZINC,77940.0,ZINC PLATED
7617,24101792,ZINC PLATED,2,158770,ZINC PLATED,ZINC,ZINC,86885.0,ZINC PLATED
7781,24101939,[SS.304],4,24103215,[SS.304],SS304,SS304,41782.0,[SS.304]
7787,24101940,[SS.304],4,24104890,[SS.304],SS304,SS304,42302.0,[SS.304]
7793,24101941,[SS.304],4,24104801,[SS.304],SS304,SS304,42989.0,[SS.304]
7986,24101633,[SS.304],4,185796,[SS.304],SS304,SS304,43555.0,[SS.304]
8004,24101679,[SS.304],4,24104372,[SS.304],SS304,SS304,43559.0,[SS.304]
8191,24101581,ZINC PLATED,2,24104543,ZINC PLATED,ZINC,ZINC,101270.0,ZINC PLATED
8197,24101582,ZINC PLATED,2,24101221,ZINC PLATED,ZINC,ZINC,101274.0,ZINC PLATED
8203,24101583,ZINC PLATED,2,24101222,ZINC PLATED,ZINC,ZINC,101277.0,ZINC PLATED
8286,24100056,ZINC PLATED,2,24101223,ZINC PLATED,ZINC,ZINC,101280.0,ZINC PLATED
8329,24100874,ZINC PLATED,2,182126,ZINC PLATED,ZINC,ZINC,77949.0,ZINC PLATED
8371,24101260,[SS.304],4,185752,[SS.304],SS304,SS304,43299.0,[SS.304]
8445,24100057,ZINC PLATED,2,24101224,ZINC PLATED,ZINC,ZINC,101283.0,ZINC PLATED
8451,24100058,ZINC PLATED,2,24104548,ZINC PLATED,ZINC,ZINC,101252.0,ZINC PLATED
8457,24100059,ZINC PLATED,2,24104548,ZINC PLATED,ZINC,ZINC,101252.0,ZINC PLATED
8463,24100060,ZINC PLATED,2,24103107,ZINC PLATED,ZINC,ZINC,101256.0,ZINC PLATED
8469,24100061,ZINC PLATED,2,24101717,ZINC PLATED,ZINC,ZINC,101261.0,ZINC PLATED
8475,24100062,ZINC PLATED,2,24104551,ZINC PLATED,ZINC,ZINC,101266.0,ZINC PLATED
8555,24101286,[SS.304],4,24104371,[SS.304],SS304,SS304,43323.0,[SS.304]
8768,24101340,ZINC PLATED,2,24104704,ZINC PLATED,ZINC,ZINC,101268.0,ZINC PLATED
8922,24101017,ZINC PLATED,2,185825,ZINC PLATED,ZINC,ZINC,86877.0,ZINC PLATED
8952,24101025,ZINC PLATED,2,24104664,ZINC PLATED,ZINC,ZINC,86878.0,ZINC PLATED
9112,24101026,ZINC PLATED,2,24104620,ZINC PLATED,ZINC,ZINC,86873.0,ZINC PLATED
9531,222465,[SS.304],4,24104802,[SS.304],SS304,SS304,42994.0,[SS.304]
9783,185611,[SS.304],4,185621,[SS.304],SS304,SS304,41970.0,[SS.304]
9789,185612,[SS.304],4,185623,[SS.304],SS304,SS304,41974.0,[SS.304]
9801,185614,[SS.304],4,185632,[SS.304],SS304,SS304,41989.0,[SS.304]
10101,208267,[SS.304],4,213279,[SS.304],SS304,SS304,41472.0,[SS.304]
10175,218623,ZINC PLATED,2,163155,ZINC PLATED,ZINC,ZINC,42557.0,ZINC PLATED
10321,209090,ZINC PLATED,2,220461,ZINC PLATED,ZINC,ZINC,42564.0,ZINC PLATED
10431,185646,[SS.304],4,185654,[SS.304],SS304,SS304,42288.0,[SS.304]
10437,185647,[SS.304],4,185655,[SS.304],SS304,SS304,42294.0,[SS.304]
10443,185648,[SS.304],4,185655,[SS.304],SS304,SS304,42294.0,[SS.304]
10449,185649,[SS.304],4,147299,[SS.304],SS304,SS304,42277.0,[SS.304]
10455,185650,[SS.304],4,24104842,[SS.304],SS304,SS304,42251.0,[SS.304]
10467,185787,[SS.304],4,24104932,[SS.304],SS304,SS304,43520.0,[SS.304]
10473,185788,[SS.304],4,24104886,[SS.304],SS304,SS304,43580.0,[SS.304]
10479,185789,[SS.304],4,185793,[SS.304],SS304,SS304,43543.0,[SS.304]
10603,219986,[SS.304],4,24104820,[SS.304],SS304,SS304,42937.0,[SS.304]
10647,185656,[SS.304],4,185657,[SS.304],SS304,SS304,42434.0,[SS.304]
10707,185801,[SS.304],4,185812,[SS.304],SS304,SS304,77941.0,[SS.304]
10713,185802,[SS.304],4,185813,[SS.304],SS304,SS304,77943.0,[SS.304]
10833,185661,[SS.304],4,185666,[SS.304],SS304,SS304,42561.0,[SS.304]
10869,185667,[SS.304],4,185700,[SS.304],SS304,SS304,42977.0,[SS.304]
10875,185803,[SS.304],4,185810,[SS.304],SS304,SS304,77939.0,[SS.304]
10881,185804,[SS.304],4,185808,[SS.304],SS304,SS304,77937.0,[SS.304]
10887,185805,[SS.304],4,185815,[SS.304],SS304,SS304,77946.0,[SS.304]
10893,185806,[SS.304],4,185816,[SS.304],SS304,SS304,77948.0,[SS.304]
10899,185807,[SS.304],4,185819,[SS.304],SS304,SS304,77952.0,[SS.304]
10953,210805,[SS.304],4,212393,[SS.304],SS304,SS304,41952.0,[SS.304]
11031,185668,[SS.304],4,24104800,[SS.304],SS304,SS304,42984.0,[SS.304]
11037,185669,[SS.304],4,24104803,[SS.304],SS304,SS304,42998.0,[SS.304]
11043,185670,[SS.304],4,185699,[SS.304],SS304,SS304,42969.0,[SS.304]
11049,185671,[SS.304],4,24104709,[SS.304],SS304,SS304,42942.0,[SS.304]
11055,185672,[SS.304],4,24104819,[SS.304],SS304,SS304,42949.0,[SS.304]
11061,185673,[SS.304],4,185694,[SS.304],SS304,SS304,42952.0,[SS.304]
11067,185674,[SS.304],4,184799,[SS.304],SS304,SS304,42961.0,[SS.304]
11073,185675,[SS.304],4,185699,[SS.304],SS304,SS304,42969.0,[SS.304]
11079,185676,[SS.304],4,24104820,[SS.304],SS304,SS304,42937.0,[SS.304]
11133,185821,[SS.304],4,185824,[SS.304],SS304,SS304,86876.0,[SS.304]
11179,212212,ZINC PLATED,2,220410,ZINC PLATED,ZINC,ZINC,42556.0,ZINC PLATED
11241,185677,[SS.304],4,185694,[SS.304],SS304,SS304,42952.0,[SS.304]
11247,185678,[SS.304],4,185696,[SS.304],SS304,SS304,42959.0,[SS.304]
11253,185679,[SS.304],4,185688,[SS.304],SS304,SS304,42864.0,[SS.304]
11259,185680,[SS.304],4,185710,[SS.304],SS304,SS304,43039.0,[SS.304]
11265,185681,[SS.304],4,24104796,[SS.304],SS304,SS304,43046.0,[SS.304]
11295,185822,[SS.304],4,185826,[SS.304],SS304,SS304,86883.0,[SS.304]
11325,185833,[SS.304],4,185836,[SS.304],SS304,SS304,101269.0,[SS.304]
11727,186233,[SS.304],4,182679,[SS.304],SS304,SS304,42108.0,[SS.304]
11929,192405,ZINC PLATED,2,221437,ZINC PLATED,ZINC,ZINC,43699.0,ZINC PLATED
11993,215097,[SS.316],6,182686,[SS.316],SS316,SS316,42432.0,[SS.316]
12105,185718,[SS.304],4,185758,[SS.304],SS304,SS304,43346.0,[SS.304]
12111,185719,[SS.304],4,136858,[SS.304],SS304,SS304,43348.0,[SS.304]
12117,185720,[SS.304],4,185761,[SS.304],SS304,SS304,43350.0,[SS.304]
12279,185721,[SS.304],4,185755,[SS.304],SS304,SS304,43320.0,[SS.304]
12285,185722,[SS.304],4,24104824,[SS.304],SS304,SS304,43293.0,[SS.304]
12291,185723,[SS.304],4,185763,[SS.304],SS304,SS304,43369.0,[SS.304]
12303,185725,[SS.304],4,185737,[SS.304],SS304,SS304,43264.0,[SS.304]
12309,185726,[SS.304],4,185740,[SS.304],SS304,SS304,43273.0,[SS.304]
12315,185727,[SS.304],4,185744,[SS.304],SS304,SS304,43279.0,[SS.304]
12321,185728,[SS.304],4,185734,[SS.304],SS304,SS304,43257.0,[SS.304]
12327,185729,[SS.304],4,185773,[SS.304],SS304,SS304,43394.0,[SS.304]
12417,216054,[SS.304],4,118419,[SS.304],SS304,SS304,41963.0,[SS.304]
12489,185730,[SS.304],4,185775,[SS.304],SS304,SS304,43400.0,[SS.304]
12495,185731,[SS.304],4,24104831,[SS.304],SS304,SS304,43410.0,[SS.304]
12501,185732,[SS.304],4,185783,[SS.304],SS304,SS304,43416.0,[SS.304]
12507,185733,[SS.304],4,185784,[SS.304],SS304,SS304,43418.0,[SS.304]
12597,216341,[SS.304],4,24104861,[SS.304],SS304,SS304,43570.0,[SS.304]
12748,24105887,[SS.304],4,120889,[SS.304],SS304,SS304,43033.0,[SS.304]
12814,24105998,[SS.304],4,185691,[SS.304],SS304,SS304,42878.0,[SS.304]
12820,24105999,[SS.304],4,185756,[SS.304],SS304,SS304,43328.0,[SS.304]
12832,24106017,[SS.304],4,185550,[SS.304],SS304,SS304,41524.0,[SS.304]
12838,24106018,[SS.304],4,107229,[SS.304],SS304,SS304,41505.0,[SS.304]
12944,24106216,ZINC PLATED,2,113543,ZINC PLATED,ZINC,ZINC,86880.0,ZINC PLATED
13042,24106862,[SS.304],4,24104776,[SS.304],SS304,SS304,41850.0,[SS.304]
13216,24107431,[SS.304],4,118415,[SS.304],SS304,SS304,41565.0,[SS.304]
13316,24109071,ZINC PLATED,2,166694,ZINC PLATED,ZINC,ZINC,42551.0,ZINC PLATED
13547,24102196,[SS.304],4,24104810,[SS.304],SS304,SS304,43072.0,[SS.304]
13553,24102198,[SS.304],4,185716,[SS.304],SS304,SS304,43070.0,[SS.304]
13559,24102200,[SS.304],4,24104815,[SS.304],SS304,SS304,43067.0,[SS.304]
13565,24102201,[SS.304],4,185715,[SS.304],SS304,SS304,43060.0,[SS.304]
13571,24102202,[SS.304],4,24104817,[SS.304],SS304,SS304,43080.0,[SS.304]
13577,24102205,[SS.304],4,24104818,[SS.304],SS304,SS304,43090.0,[SS.304]
13589,24102207,[SS.304],4,24104814,[SS.304],SS304,SS304,43065.0,[SS.304]
13595,24102208,[SS.304],4,118591,[SS.304],SS304,SS304,43056.0,[SS.304]
13603,24103209,[SS.304],4,24104869,[SS.304],SS304,SS304,41491.0,[SS.304]
13609,24103210,[SS.304],4,185757,[SS.304],SS304,SS304,43337.0,[SS.304]
13615,24103213,[SS.304],4,24104925,[SS.304],SS304,SS304,41559.0,[SS.304]
13627,24103217,[SS.304],4,156566,[SS.304],SS304,SS304,43326.0,[SS.304]
13633,24103218,[SS.304],4,185757,[SS.304],SS304,SS304,43337.0,[SS.304]
13639,24103220,[SS.304],4,185736,[SS.304],SS304,SS304,43262.0,[SS.304]
13645,24103223,[SS.304],4,24104534,[SS.304],SS304,SS304,42465.0,[SS.304]
13754,24102209,[SS.304],4,24104819,[SS.304],SS304,SS304,42949.0,[SS.304]
13766,24102219,[SS.304],4,185604,[SS.304],SS304,SS304,41848.0,[SS.304]
13784,24102225,[SS.304],4,215564,[SS.304],SS304,SS304,41631.0,[SS.304]
13790,24102226,[SS.304],4,24106027,[SS.304],SS304,SS304,41497.0,[SS.304]
13796,24102227,[SS.304],4,24104850,[SS.304],SS304,SS304,101281.0,[SS.304]
13804,24103224,[SS.304],4,24104833,[SS.304],SS304,SS304,42468.0,[SS.304]
13810,24103225,[SS.304],4,24104836,[SS.304],SS304,SS304,42472.0,[SS.304]
13816,24103226,[SS.304],4,24104834,[SS.304],SS304,SS304,42431.0,[SS.304]
13822,24103227,[SS.304],4,24104834,[SS.304],SS304,SS304,42431.0,[SS.304]
13828,24103228,[SS.304],4,24104832,[SS.304],SS304,SS304,42437.0,[SS.304]
13834,24103229,[SS.304],4,24104884,[SS.304],SS304,SS304,42452.0,[SS.304]
13846,24103265,[SS.304],4,185747,[SS.304],SS304,SS304,43284.0,[SS.304]
13955,24102228,[SS.304],4,24104837,[SS.304],SS304,SS304,42462.0,[SS.304]
13967,24102230,[SS.304],4,24104784,[SS.304],SS304,SS304,41799.0,[SS.304]
14047,24103363,[SS.304],4,185665,[SS.304],SS304,SS304,42555.0,[SS.304]
14174,24102290,[SS.304],4,24104835,[SS.304],SS304,SS304,42442.0,[SS.304]
14186,24102292,[SS.304],4,24104924,[SS.304],SS304,SS304,41574.0,[SS.304]
14192,24102293,[SS.304],4,185550,[SS.304],SS304,SS304,41524.0,[SS.304]
14363,24102304,[SS.304],4,185823,[SS.304],SS304,SS304,86872.0,[SS.304]
14375,24102308,[SS.304],4,24104825,[SS.304],SS304,SS304,43363.0,[SS.304]
14393,24102346,[SS.304],4,185602,[SS.304],SS304,SS304,41831.0,[SS.304]
14399,24102347,[SS.304],4,24106071,[SS.304],SS304,SS304,41856.0,[SS.304]
14437,24103676,[SS.304],4,185590,[SS.304],SS304,SS304,41766.0,[SS.304]
14449,24103821,[SS.304],4,24104839,[SS.304],SS304,SS304,42285.0,[SS.304]
14568,24102380,ZINC PLATED,2,24104705,ZINC PLATED,ZINC,ZINC,43719.0,ZINC PLATED
14588,24102410,[SS.304],4,24104865,[SS.304],SS304,SS304,41652.0,[SS.304]
14638,24103998,[SS.304],4,24104923,[SS.304],SS304,SS304,41788.0,[SS.304]
14771,24102444,[SS.304],4,120887,[SS.304],SS304,SS304,42124.0,[SS.304]
14783,24102457,[SS.304],4,185617,[SS.304],SS304,SS304,41961.0,[SS.304]
14793,24102463,ZINC PLATED,2,24104609,ZINC PLATED,ZINC,ZINC,43727.0,ZINC PLATED
14984,24102505,[SS.304],4,24104847,[SS.304],SS304,SS304,101278.0,[SS.304]
15070,24104259,[SS.304],4,185749,[SS.304],SS304,SS304,43296.0,[SS.304]
15198,24102601,[SS.304],4,24104922,[SS.304],SS304,SS304,41494.0,[SS.304]
15204,24102602,[SS.304],4,24104866,[SS.304],SS304,SS304,41503.0,[SS.304]
15210,24102603,[SS.304],4,24104842,[SS.304],SS304,SS304,42251.0,[SS.304]
15216,24102604,[SS.304],4,24104849,[SS.304],SS304,SS304,101250.0,[SS.304]
15222,24102605,[SS.304],4,24104927,[SS.304],SS304,SS304,41785.0,[SS.304]
15228,24102608,[SS.304],4,24106027,[SS.304],SS304,SS304,41497.0,[SS.304]
15387,24102610,[SS.304],4,24104849,[SS.304],SS304,SS304,101250.0,[SS.304]
15417,24102644,[SS.304],4,24104922,[SS.304],SS304,SS304,41494.0,[SS.304]
15423,24102645,[SS.304],4,118876,[SS.304],SS304,SS304,41562.0,[SS.304]
15429,24102646,[SS.304],4,24104841,[SS.304],SS304,SS304,42259.0,[SS.304]
15589,24102647,[SS.304],4,24104846,[SS.304],SS304,SS304,101254.0,[SS.304]
15607,24102667,[SS.304],4,118623,[SS.304],SS304,SS304,41773.0,[SS.304]
15613,24102668,[SS.304],4,24104769,[SS.304],SS304,SS304,41488.0,[SS.304]
15625,24102726,[SS.304],4,24104785,[SS.304],SS304,SS304,41841.0,[SS.304]
15745,24102110,[SS.304],4,24104844,[SS.304],SS304,SS304,101275.0,[SS.304]
15769,24102120,[SS.304],4,117984,[SS.304],SS304,SS304,41594.0,[SS.304]
15775,24102122,[SS.304],4,209730,[SS.304],SS304,SS304,41540.0,[SS.304]
15820,24102785,[SS.304],4,24107418,[SS.304],SS304,SS304,42939.0,[SS.304]
15820,24102785,[SS.304],4,24107418,[SS.304],SS304,SS304,42940.0,[SS.304]
15826,24102786,[SS.304],4,24104837,[SS.304],SS304,SS304,42462.0,[SS.304]
15946,24102126,[SS.304],4,24104763,[SS.304],SS304,SS304,41545.0,[SS.304]
15958,24102129,[SS.304],4,185553,[SS.304],SS304,SS304,41542.0,[SS.304]
15964,24102130,[SS.304],4,24104873,[SS.304],SS304,SS304,42880.0,[SS.304]
15970,24102132,[SS.304],4,24104790,[SS.304],SS304,SS304,42876.0,[SS.304]
15976,24102134,[SS.304],4,24104788,[SS.304],SS304,SS304,42884.0,[SS.304]
15982,24102135,[SS.304],4,119178,[SS.304],SS304,SS304,43289.0,[SS.304]
15988,24102136,[SS.304],4,185713,[SS.304],SS304,SS304,43051.0,[SS.304]
15994,24102139,[SS.304],4,24104795,[SS.304],SS304,SS304,43041.0,[SS.304]
16003,24102822,[SS.304],4,118846,[SS.304],SS304,SS304,41803.0,[SS.304]
16039,24102855,[SS.304],4,118847,[SS.304],SS304,SS304,42094.0,[SS.304]
16083,24104420,[SS.304],4,24104981,[SS.304],SS304,SS304,43525.0,[SS.304]
16089,24104421,[SS.304],4,155884,[SS.304],SS304,SS304,41460.0,[SS.304]
16153,24102140,[SS.304],4,24104798,[SS.304],SS304,SS304,43030.0,[SS.304]
16165,24102144,[SS.304],4,185797,[SS.304],SS304,SS304,43566.0,[SS.304]
16171,24102145,[SS.304],4,185798,[SS.304],SS304,SS304,43576.0,[SS.304]
16183,24102147,[SS.304],4,24104802,[SS.304],SS304,SS304,42994.0,[SS.304]
16189,24102151,[SS.304],4,24104822,[SS.304],SS304,SS304,42981.0,[SS.304]
16254,24104440,[SS.304],4,149650,[SS.304],SS304,SS304,43267.0,[SS.304]
16272,24104490,[SS.304],4,185684,[SS.304],SS304,SS304,42840.0,[SS.304]
16361,24102158,[SS.304],4,24104804,[SS.304],SS304,SS304,42986.0,[SS.304]
16373,24102162,[SS.304],4,24104799,[SS.304],SS304,SS304,43000.0,[SS.304]
16379,24102164,[SS.304],4,24104809,[SS.304],SS304,SS304,42838.0,[SS.304]
16385,24102165,[SS.304],4,24106080,[SS.304],SS304,SS304,42852.0,[SS.304]
16391,24102169,[SS.304],4,24104807,[SS.304],SS304,SS304,42835.0,[SS.304]
16403,24102179,[SS.304],4,185755,[SS.304],SS304,SS304,43320.0,[SS.304]
16416,24102974,ZINC PLATED,2,24104620,ZINC PLATED,ZINC,ZINC,86873.0,ZINC PLATED
16442,24103039,[SS.304],4,156566,[SS.304],SS304,SS304,43326.0,[SS.304]
16448,24103041,[SS.304],4,118026,[SS.304],SS304,SS304,41510.0,[SS.304]
16454,24103042,[SS.304],4,117619,[SS.304],SS304,SS304,41579.0,[SS.304]
16580,24102186,[SS.304],4,24104838,[SS.304],SS304,SS304,42298.0,[SS.304]
16586,24102187,[SS.304],4,24104885,[SS.304],SS304,SS304,42279.0,[SS.304]
16592,24102188,[SS.304],4,24104840,[SS.304],SS304,SS304,42309.0,[SS.304]
16598,24102191,[SS.304],4,24104929,[SS.304],SS304,SS304,42269.0,[SS.304]
16604,24102192,[SS.304],4,24104804,[SS.304],SS304,SS304,42986.0,[SS.304]
16617,24103079,ZINC PLATED,2,185800,ZINC PLATED,ZINC,ZINC,43686.0,ZINC PLATED
16635,24103121,ZINC PLATED,2,181733,ZINC PLATED,ZINC,ZINC,77947.0,ZINC PLATED
16643,24103135,[SS.304],4,118026,[SS.304],SS304,SS304,41510.0,[SS.304]
16655,24103154,[SS.304],4,185662,[SS.304],SS304,SS304,42541.0,[SS.304]
16661,24103200,[SS.304],4,24104773,[SS.304],SS304,SS304,41844.0,[SS.304]
